pdbs	max_similarity
9KH8	1.0
9G38	1.0
8EXC	1.0
6YZT	0.9995
6SD7	0.9999
6SAY	0.9851
6I3E	0.9999
5FNK	1.0
4YXI	1.0
1XLU	0.9996
2PM8	0.9823
2WIF	0.9985
1GJD	1.0
3M61	1.0
4MNV	0.9966
4ZKO	0.9977
5XG4	0.9904
6L05	0.9984
7VM7	0.994
3KR1	1.0
1YZ3	0.9967
8V88	0.9966
8TGP	0.9858
4Y6O	0.9862
3CBJ	0.9575
8B5F	1.0
9I11	1.0
9I10	0.9998
8ULC	0.9984
2Z5U	1.0
2LZG	0.6625
8EIC	0.9656
3TJ2	0.991
9OUO	0.9975
7QN6	1.0
4EEV	0.9426
4DEI	0.9935
4MYQ	0.9906
2C64	0.9998
7XY7	0.9829
2D0U	0.9961
7E0S	0.9881
7Z2L	0.9936
4XDO	1.0
6HIN	0.891
1UPW	0.9989
9MPQ	0.9926
2E2D	0.9511
9ASS	0.9926
3Q77	0.9927
1GPB	0.991
2QN7	0.9989
3E3L	0.9923
3G2N	0.9968
6F3L	0.9996
6R0I	0.9997
3TJD	0.9949
5CF8	0.9987
4I5C	0.9975
6A7C	0.9943
1PDB	0.9475
1OHK	0.9354
1I41	0.9984
6CFN	0.9858
4OAR	0.9779
3FRZ	0.9923
7F54	1.0
6B99	0.9974
2BSM	0.9992
4L93	0.9989
4L90	0.9999
4NH7	0.984
3B25	0.9995
7HB3	0.9992
7HAK	1.0
6LSZ	0.996
1B37	1.0
1X84	0.9999
1F5Q	0.8817
2C5Y	0.981
2J9M	0.9783
3QQJ	0.9817
3RPR	0.9985
3RZB	0.9737
4GCJ	0.9534
5ANG	0.9837
6Q4F	0.9946
8UKV	0.8945
9NJN	0.9897
9NHW	0.979
3N85	0.9688
5T0K	0.9817
3N5G	0.9926
6ZXO	0.9926
4MSH	0.9969
4P0N	0.9995
5SEU	1.0
5SHS	0.9998
5SI8	1.0
6WVC	0.9951
6WUV	0.9981
1F4F	0.9998
1JG0	0.9839
1FQX	0.989
1G4K	0.9854
2USN	0.9971
1UTT	0.9849
8HFG	0.9904
8F7X	0.9695
3MA2	0.9521
6YF3	1.0
9Q4X	0.9991
9CWJ	1.0
2ORS	0.9931
6NH0	1.0
4KCN	0.9997
9NBQ	1.0
1AU4	0.9883
3N2P	0.997
2HKO	0.9663
5W8H	0.9992
7SQA	0.9384
5TTO	0.9811
7WGL	0.994
5U3X	0.9925
7E5I	0.9984
3UDR	0.9996
4DPF	0.9894
4RRN	0.9998
5ENM	0.9998
5QD8	0.9969
6JSE	0.9908
9E8V	1.0
9CK3	0.9742
1DPJ	0.9997
3D7F	0.9997
4Y79	0.9999
2Y82	0.9996
1HCG	0.9686
3HPT	0.9994
2P8S	1.0
7WMO	0.9885
9IX5	0.9734
1YYE	0.9989
1NDE	0.8749
7B5O	1.0
5U7D	0.9924
6T9U	0.9993
1TGS	0.9352
9AWC	1.0
7WB8	1.0
6XYK	1.0
6EAW	0.9999
5MO0	1.0
5MNA	1.0
3RXQ	1.0
3A8A	1.0
1XUH	1.0
1NU9	0.9823
6T7H	1.0
6T55	1.0
3UWJ	1.0
3EQ0	1.0
2ZFQ	1.0
1TBZ	1.0
1QHR	1.0
1O5G	1.0
1LHE	1.0
2B8O	0.99
3ELA	0.9899
1XWS	0.9988
3VBV	0.9985
5VUB	0.9989
6VRV	0.9902
6UD2	1.0
5O3T	0.8972
5VZS	0.9919
8ON1	1.0
9IYR	1.0
1YB6	1.0
8T8M	0.9821
6UL6	0.9941
2A2K	1.0
3QRI	0.9772
6A5Z	0.9917
4CN3	0.9928
1QII	1.0
1QIF	1.0
1AMN	0.9916
1GQS	0.9983
1ZQX	1.0
8ZI4	1.0
7SK6	0.9273
2Y9X	0.9953
4M2Y	0.9999
4RQ2	0.9987
7ICI	1.0
7ICN	0.9999
7RBF	0.991
8ICS	0.9996
6U72	0.9943
8YME	0.9923
4C66	0.9974
9F1M	0.9999
8P9G	0.9992
8P9F	0.995
6H9E	1.0
5ZMV	0.9956
3N5K	0.9659
3AR5	0.9897
1P2Q	1.0
5GCH	0.9987
2GMT	1.0
1A72	0.9853
1UO6	1.0
2ACS	0.9915
3ONB	1.0
3IN5	0.9712
4DNL	0.9897
8SA0	0.7749
5KUZ	1.0
4XE6	1.0
7A97	0.9319
7KJ2	0.981
7KJ3	0.9802
7R11	0.9635
7TEX	0.9999
8P2Y	1.0
8WTJ	0.8528
9JWJ	1.0
7LTK	1.0
8CVR	0.9993
5VFR	1.0
3QG2	0.9892
2F70	1.0
7KLX	0.9997
1UJ1	0.99
3EA8	0.9978
5SL3	0.9997
5SLH	0.9992
7AEH	0.9979
7T46	0.9955
7T49	0.9998
7T9Y	0.9967
7TLL	0.9991
4XE4	0.9286
8WRD	0.995
5AYG	0.983
7LAD	0.9632
3J5R	0.9375
8U3J	0.9933
1ZUZ	0.9754
7CR7	0.8751
6PBY	0.9296
6FEH	0.8044
4DCK	0.9804
3HR4	0.9152
7ZEF	1.0
5QCB	1.0
3I50	0.9029
3RET	0.9815
5V97	0.9967
3MOH	0.9978
4ESG	0.9981
7AXS	0.9986
7JTP	0.9961
6V74	0.9957
1I18	0.9828
3ZW8	0.9944
4GJ5	0.9859
5SY3	0.996
7KRP	0.9974
6XEZ	0.9822
5RLD	0.9993
6S1I	0.9934
7A5L	0.9976
7AJM	0.9993
2AWZ	0.997
4MIA	0.9946
5PZL	0.998
6OLV	0.9962
7FQO	1.0
7FRQ	1.0
7GSC	0.9992
7MOV	0.9914
4RDD	0.9661
8RZW	0.9943
1LC3	0.9943
6SSR	1.0
2A1E	0.9999
3NDU	1.0
4KIW	0.9924
4EQ0	0.9338
7EGH	1.0
2YM3	0.9965
2X8D	0.9968
1IA8	0.9934
3U9N	0.9818
6P8F	0.9918
9D0W	0.991
1B39	0.9906
7FAI	0.9986
8Z2Z	1.0
6VM3	0.9805
8VSE	0.5634
6TPV	0.7934
2OHP	0.9936
2VNM	0.998
2WF1	0.9997
3QI1	0.9719
4FSL	0.9991
5CLM	0.9842
3ODA	0.9576
7GAD	1.0
7PBY	1.0
4H1Y	0.9999
1E8H	0.9995
2GIR	0.9994
8JU0	0.9205
7RM6	1.0
5KJ6	1.0
8PQI	0.9837
9LNR	0.9746
4G6O	0.9922
6GE0	0.995
3D83	0.9951
3FKN	0.9941
4KIN	0.98
1RTC	0.9654
4LGP	0.9835
9FXH	0.9989
3F6U	0.998
6ZXK	0.9955
4KZB	0.9984
4OLG	0.9999
6T5Y	1.0
6WGQ	0.9851
7MQX	1.0
7VK8	0.9891
7XRS	0.9998
1ZML	0.9969
5EXL	1.0
5NFP	1.0
8H8J	0.9566
7V4D	1.0
8CYR	0.9702
8TQS	0.9972
1CIL	1.0
3K7K	0.9997
3M04	1.0
4MDM	1.0
4ZWY	1.0
6NJ2	0.9988
6UGR	1.0
7CZ4	0.9935
8AJ1	0.992
8AZC	0.9907
8GXH	0.9927
9BO4	0.9957
9EWN	0.9981
9FQ9	0.9978
4I7V	0.9999
5D1F	0.9791
3ZWT	0.9995
6Y4I	1.0
6QF3	0.9999
6FJ2	1.0
1ELL	1.0
9KQK	0.9678
2VUF	0.9832
2VDB	0.9463
2GYW	0.999
7QAK	0.9983
1H4W	0.9924
3ANM	0.9987
3ZE0	1.0
1KUP	0.9727
2X6E	0.9525
1Q5K	0.9867
3H0E	0.9961
6BFO	1.0
6BGS	1.0
2C2M	1.0
5DUL	0.9539
6O9L	0.9156
5IY7	1.0
6ENC	0.9997
5FP0	0.9893
3PDC	0.971
8TLM	0.9496
9CDY	0.9774
1C4V	0.9927
4HZH	0.9061
6GU4	0.9946
4EJE	0.9758
8IQN	1.0
2JNS	0.7956
5H17	0.9946
4J52	0.9981
9RK8	0.9962
3ZRC	0.9888
6TT1	0.9942
7Q4E	1.0
9J06	0.984
2YA5	0.9962
4XMI	0.9999
1FR8	0.9915
5W5Q	0.9796
1BSK	1.0
7LAH	0.9852
7L9K	0.9972
6YTM	0.9927
5DW1	0.9949
7WMU	0.9958
1EWP	0.9993
2QX4	0.9997
3O73	0.9982
3TZB	0.9913
4QOH	0.9995
9D4Z	0.9767
3CJO	0.9935
6LIZ	0.9957
4RL0	0.9999
4DG2	0.9944
1BX6	0.9626
3V8S	0.9851
1SHL	0.9895
8FBV	0.9995
3H11	0.926
1EAW	0.9804
9C2Y	0.9932
6MIL	0.9953
8IXS	1.0
3K2U	0.9735
4YYM	0.9807
1S2B	0.9964
2QR5	0.9896
3O4H	0.9967
2QC2	0.9763
3F9F	0.9915
5RFS	1.0
5RHD	1.0
5RVD	1.0
5S1E	1.0
5S2C	1.0
5S3D	1.0
5SOQ	1.0
5SPO	1.0
5SRJ	1.0
5SS9	1.0
6WQ3	0.999
6WTT	0.9827
6XIP	1.0
7D1M	0.9894
7EQ4	0.996
7LHQ	0.7416
2ANY	0.948
2QJS	0.9838
8V8I	0.9531
5SAW	0.966
8TXZ	0.8142
1UDU	0.9454
8FE7	0.9905
4ALJ	1.0
4WRH	0.9925
3UG8	0.9994
6IJX	0.997
1DLR	0.9958
8PQC	0.9967
1FE2	0.9996
5F19	0.9989
6FS6	0.962
2NWP	1.0
5TH4	1.0
6YOI	1.0
7K6T	0.9978
7K6U	1.0
5J43	0.9971
2IGM	0.9992
6AAE	0.9981
9O1Z	0.9991
9O2M	1.0
4O1Y	0.999
6CER	0.9997
3HPX	0.9895
7T10	0.9952
6IC6	1.0
6IC7	1.0
5IDN	0.9944
9DWW	0.9487
9E2U	0.9793
9OUL	0.9783
1PHM	0.9982
9B1Q	0.9959
8VUG	0.9953
2ZCR	0.9999
7K89	0.9978
3ISJ	0.9932
3S35	0.9738
8HBE	0.9506
1JV2	0.9727
2E5B	1.0
9KXZ	0.9959
1GU1	0.9986
6NSS	0.9709
6NPT	0.9783
5IA4	0.9891
3G51	0.9691
7VDP	1.0
2MZE	0.8781
5M1S	0.8774
3BEP	0.9909
8VAM	0.9659
1CSE	1.0
5PNK	1.0
5PM0	1.0
5PJS	1.0
5PJ4	1.0
5PIR	1.0
6SPV	0.9766
2XDW	0.9999
4BCD	0.9999
9U3P	0.9522
8FPO	1.0
6RRY	0.9974
7P7P	0.9829
3JQC	1.0
4K1T	0.9446
4ZZJ	0.9216
6CCK	0.9976
1YGH	0.8509
2DN8	0.8111
7TI1	0.9979
2DUX	0.9996
2PDU	0.9998
3LQL	0.9994
4QBX	0.9998
1YYQ	0.9997
5UV0	0.9876
3E30	1.0
3KSQ	0.9999
1CWS	0.9968
1ZK4	0.999
8GV3	0.9371
4XX7	1.0
3CH6	0.9989
2BFZ	0.9999
3AED	0.9976
1HAZ	1.0
1QR3	0.9972
1NX1	0.9722
5E97	1.0
8E08	1.0
4NFK	0.9972
7UM9	1.0
5SYT	0.9709
3KCG	0.9908
8EPC	0.9836
2BWW	0.9984
4KXA	0.9999
2J9A	0.9983
3OD0	0.9824
5RHR	0.9986
5TMH	0.9826
7H2B	1.0
7HP2	0.9977
7ZTM	1.0
1EJM	0.98
6HUV	1.0
3BFO	0.8183
1PWW	0.9825
1IAB	0.9979
4Z2W	0.998
3POF	1.0
3NZX	1.0
8OHZ	1.0
4Y8G	1.0
4QLT	1.0
4Q1S	1.0
4NO9	1.0
4NNN	1.0
7YOO	0.9844
4W5C	0.9961
3BA0	0.8318
4GUY	0.9986
5CZM	0.9968
3F8Y	0.9996
5D47	1.0
7G1V	1.0
7G09	0.9998
7G07	0.9958
7FWS	0.989
3MF0	0.9713
7RDU	0.9484
7ZH6	0.891
9L3E	1.0
7Z87	0.931
2OQ1	0.9117
9QAF	1.0
9FT0	1.0
5CGI	1.0
5CGF	1.0
3CD7	1.0
3II4	0.9957
3I6N	0.9924
6L9T	0.9815
2BFP	0.9983
6FIT	0.9831
1FHI	0.9717
5TDA	0.9779
9DNQ	0.934
1CJ0	0.9793
7K0L	0.9973
2X9G	0.9999
4WCD	1.0
6GD4	1.0
8Z32	0.968
4GH5	0.9993
9DAQ	0.9792
1BIB	0.9822
1L4Y	0.9986
2IYR	0.9332
3NBL	0.9998
3E50	0.9992
2WWP	0.9857
4D6U	1.0
2PXJ	0.9992
8DNO	0.9435
4MK4	0.9926
1RFU	0.9554
1YGJ	0.9606
2GU4	1.0
9HJG	0.9843
5VA9	0.998
8ZVW	0.993
4ELB	0.9999
3K45	0.993
4EB8	0.9962
5UGF	0.9865
6OG4	0.9781
3LZY	1.0
3PRS	0.9999
3WZ6	0.9981
5P0I	1.0
5P15	1.0
5P20	1.0
5P6A	1.0
5P7H	1.0
5RBZ	1.0
7QM0	1.0
1CJQ	1.0
1J82	1.0
1RNU	1.0
2E3W	1.0
2XOG	1.0
6ETK	1.0
1FVN	0.7507
8FCE	0.993
7OT6	1.0
9C17	1.0
6LZC	1.0
2B3L	0.9962
3C59	0.9778
7RA3	0.9577
6C5Z	0.9956
3FY8	0.9996
8TWL	1.0
4J7T	1.0
7Z4V	0.9728
2GD0	0.9996
4IHH	0.9989
2O1F	0.9983
7QUS	0.9916
3OEY	1.0
5I8P	0.9994
5JAN	0.9969
5YEA	0.9968
3SW8	0.995
1IPW	0.9981
3U53	0.9711
6B8U	0.9885
5EPY	1.0
7W48	0.9729
9CUE	0.9356
8A2H	0.989
6YDZ	0.9799
8IZ9	0.9068
8IZ8	0.8979
1J91	0.9717
5DKN	1.0
2K7O	0.8098
4UPT	0.9995
5VVC	0.9981
4CKV	0.9873
8T1O	0.9668
8XJJ	0.9863
5OVI	0.996
5WFR	0.9995
1X75	0.3954
6KZZ	0.992
4PYO	0.9945
5PA4	1.0
4FR1	0.9999
6YHD	0.9995
6YHE	0.9989
7A4K	0.9862
3URA	0.9997
8P7K	1.0
5PVB	1.0
5PUU	1.0
5PT4	1.0
5PQ9	1.0
4CD0	0.9801
5MYA	0.9364
6WH6	0.9974
1AUJ	1.0
2BDH	0.9784
1ANC	1.0
1J15	0.9994
5HFS	0.5402
5XCP	0.9845
1SDA	0.9934
1SXA	1.0
8PBC	0.9946
7SS1	0.9958
2Q3C	0.9949
1E96	0.9656
1D7V	0.9999
7DAE	1.0
6WWM	0.9944
6WWJ	0.9754
5YL2	1.0
8U4E	0.9843
8X2M	0.9588
4UI8	1.0
3LTH	0.9937
4E7C	0.9973
3JX2	1.0
7NRV	0.965
1RTS	0.9925
4H95	0.9984
3K7Q	0.9985
6LA2	0.9998
3WZU	0.8781
5EOA	0.0
3A6H	0.9987
1HQG	0.999
2RLA	0.9767
3FC5	0.9993
7TSE	0.9998
8FGD	0.9983
1V4A	0.6466
2KEC	0.9409
3A8Y	0.9661
1MOR	0.9917
2F1O	0.9965
8S1U	1.0
3VUS	0.4173
4GSP	1.0
6GSP	1.0
9RNT	1.0
5AP4	0.9768
1XLR	0.9986
3JAW	0.9976
3JAS	1.0
9HRI	0.9882
6DVX	0.9981
5AV2	0.9984
4KV8	0.9807
1FHX	0.9192
1FHW	0.9236
7CSQ	0.8666
5G3Q	0.7044
4YPT	0.2606
4LNF	0.9782
4XJE	0.9706
2IL8	0.9865
4IET	1.0
5I0U	1.0
6U4L	0.9948
1YYN	0.9825
7TZF	0.9985
6P2B	0.9854
1FP9	0.9819
6YXS	0.9477
4HPV	0.9917
8QM6	0.9891
7AAJ	0.9787
5PGK	1.0
5PF8	1.0
5PER	1.0
5PEF	1.0
5PCQ	1.0
5PC0	1.0
7LPK	1.0
3D6E	0.8946
7OAI	0.9968
3C0H	0.9901
5UO4	1.0
6PNF	0.9995
9CVW	1.0
3QFA	0.9923
2O2M	0.9605
2QB5	0.9911
8WM0	0.9471
8VEW	0.9982
7CT2	0.9911
1B1I	0.9905
2I4V	0.9999
4IFY	0.9957
4KO0	0.9801
7KRC	0.9817
8U6N	0.9288
1PKK	0.998
8IJV	0.9979
6EPX	0.9996
6YPP	0.9944
6I2B	0.9981
5LCU	1.0
8BTS	1.0
9MLZ	1.0
3NQG	1.0
3P61	1.0
4FX6	0.9921
5X5O	0.9978
6R8B	0.9781
6GLM	0.9997
1CG1	0.9991
3FSU	0.9999
3PYM	0.9976
6SMY	0.9989
1NHR	1.0
6LFS	0.9999
3FJO	0.9185
1XM8	0.9979
8SBR	0.9913
6WP4	0.9959
3ALA	0.9897
3KOX	0.9988
2CEV	0.9989
3SL0	1.0
3FCF	0.9995
7UFZ	0.9996
6N0N	0.9998
2OK6	1.0
2Q5F	0.9963
6Z64	0.9913
7ZZE	0.9956
8QG6	0.9983
1FSF	0.9963
3FVX	1.0
5IRP	0.9999
8ZPF	1.0
6ZYM	0.9987
2X7K	0.9726
1UWR	1.0
1TSY	0.9945
3W8R	0.995
3RHM	0.9842
1C3E	1.0
9K8M	0.9999
2YHS	0.963
1JQC	1.0
5CI3	1.0
7AI9	0.9992
4AND	0.983
1HO5	0.9903
1USH	0.9982
1KZ8	0.9918
3EFH	0.9776
5UWT	0.997
3UQE	0.9952
6WK0	0.9996
1YFM	0.9516
1G8F	0.9972
5EJE	0.9876
8PVW	0.9388
6ASV	0.9917
6F2T	0.9957
6FD4	1.0
1L1R	0.9891
5PZQ	0.9945
6UUW	0.9904
8HFO	0.986
6LOX	0.9864
2Q9G	0.9916
6GE3	0.9999
6FXH	0.9931
5OPM	0.9956
2VJM	0.9984
2WOQ	0.9823
9J1Q	1.0
1B7B	0.9686
9DDX	0.9709
1RMJ	0.4547
3FAI	0.9953
6UO6	0.9908
9JE1	0.9951
7UN0	0.9986
3CJJ	0.9173
8I9M	0.3369
4US8	1.0
4USA	0.9998
1WAR	0.9707
3IU5	0.8585
3DQZ	0.9833
6COC	0.9968
2Z7I	0.9962
2E94	0.9943
3MK0	1.0
6ZGY	0.9997
7KA1	0.997
1U8X	0.4615
1RZT	0.9988
5DKW	0.9898
1YPT	0.9803
1N7E	0.967
3ZO9	0.998
1ITC	0.999
7Q0B	0.9776
3ETS	0.9987
2HXK	0.9995
1W89	0.9997
2HHM	0.9985
3TVL	0.9388
7AUT	0.9883
3X0M	0.9986
2NAC	0.9979
P27338	0.9894
Q05397	0.0
P05959	0.8791
P46899	0.9833
P03366|K103N	0.5978
P05182	0.9722
P39086	0.9544
P51589	0.8703
Q01812	0.9345
A0A9I9CJ20	0.8857
P23743	0.0
P08683	0.9796
Q16478	0.8476
Q43445	0.838
G5EB37	0.2812
P30968	0.9628
Q7REH6	0.7844
Q16706	0.918
P9WJM1	0.9032
P14272	0.968
A0A1S3VY87	0.8826
A0A0J9S8M0	0.9976
Q5P603	0.7618
A0A9D4Y095	0.8509
Q9BY08	0.7648
Q2LQP0	0.8667
P06208	0.8862
E1BN23	0.9689
Q05513	0.943
P01356	0.0
P05034	0.6287
O15770	0.8654
A0A3E2MZW1	0.826
A0A151SDR3	0.9748
P15304	0.0
P36906	0.9983
P28572	0.9641
O81139	0.9889
E9Q4S1	0.3443
P21300	0.9781
Q9BZL6	0.8455
P16406|N363A	0.9243
Q6UW60	0.8803
Q55664	0.8277
A0A060QP40	0.611
P06757	0.9948
U6BQJ3	0.9556
Q02253	0.7893
Q9TV68	0.9926
A0A499W6A8	0.912
P9WPX5	0.6984
Q04451	0.0
P0A1P6	0.9674
E9BDA8	0.9981
P46195	0.9856
B2UUU1	0.9152
Q38B42	0.9628
Q9WVM4	0.9925
A0A0D6QAA9	0.9741
Q42726	0.919
O93964	0.874
P46538	0.8488
A0A8B6J1B6	0.8849
P80522	0.8534
Q56317	0.8353
Q8DTS9	0.9961
A0A8D0TFN3	0.2985
B2UT94	0.9056
D5PZN7|V216A	0.9514
A0A8J8YG27	0.9633
Q8VWN6	0.8717
Q8CIP3	0.7368
