smiles_hash	max_cosine_similarity
39de6aaa15a5bb53f6048225187ab6a907a17eda0c7a37630534d021fda6ab19	0.9996379613876343
f6141fe24e7fff135ac787d6dd485e10a5f66624b18b80b1b589d7a4d21e5f66	0.999144971370697
2b456a63a34781096ff9e8de14a078a0aa329d469101db25a7ebe123c546df84	0.9957707524299622
69d42379acd40f2e810d5b50e6d617a5392a35f318d74b38cc710c065ed7de0e	0.9969075322151184
3c2ab79c01d87c1a451c68af6d2dc54942b566a6b8ce6e89c2eef35bb3be7b18	0.9975321888923645
af9629b65129cb3e94e0d22e861d2078b45c7f31ede7a5682452cedf00711b7a	0.9986926913261414
d0f92ad46c188e4dd9f4e25bfd7ec952c055d45a133183c1433faf5a9291365e	0.9984827041625977
a921123e01c7df8f9d471d2e8399cf40c4b73a9c1837be2728ee737b9bf23d56	0.9981802701950073
e51a40ad35c28494d28adb79b5bffe0ffe590711165c7fef14bdca1d631e0bbe	0.9987215995788574
2b729763340b276ded447d0c95e1c8562d8560964cf7afe5e9b18b85fdb56c5a	0.998329222202301
ba8f3a2a1cbcad12b9fa4fac7d9b074a052b18224952c6653ba9e650d8e16ae3	0.9996727108955383
cc016f4156ba91bd68714a6edeba2a14259bc0ffd2b82191ddc28e2b4ca39f7e	0.998009204864502
978367fa4a2e6f425930edc7d9bbdb1f6b9674c03ce9465c0b842f1dccad241a	0.9999947547912598
edc1f7a60cc2b29c87dadb611352c0e7c80bebef3545cccdb3dd552898d74667	0.9998692870140076
d45684b4869f188b5dd342ccbe5a7346d31a14046476d85dd91fa551da888c82	0.9965851306915283
3cea6f3aa2e6b0948242978f3638217a0029a7f5fb76d73fed4dfdba7e6882d5	0.99800044298172
71b178c95e7730b8388eebafb9cbc33e6d06aad06d372ca867821e7234ed4c98	0.9973445534706116
7e4649806a36ed2bf083ce746c2428ab928fd2032b020f5ab2046c318760ade8	0.9990119338035583
cfb9d3dd6b9db1bda33f73ad6f4170394f06edb5b6d7233ff2c81b95b7ff1272	0.9959219694137573
4bd59bb020199b86db014d8d0a189e2ca1ca776f060ffb2ff4c79b39f72f598e	0.9971634149551392
984a3580441d223e4ce78226ee0b2b73f3d54d99bad2df40b9211ebb3aaf7ede	0.9992768168449402
a5e3d127cbb920fc3d9e19ffdcb0e326e3f8abd7bcbc1ba62f9eb0093cc1cff3	0.9976137280464172
a3231593d29d5d4f1a2da86d43dd68e34985bfdde8605cb2ddb8d0306fbb7140	0.9997076988220215
a97125160beeae5362ef7f2169abf9d61f9caafb523a6c815d063d35646acb07	0.9981008172035217
82523decc18fee9ee03bd00908291e6202340cf87458b28cb4f40548a313080b	0.9993036985397339
325b7764cf8a343ca32d385e07ad6025c6f6432b829d1af4a6b8fab9140cd15e	0.9987204074859619
5deaa2d406b76669efa7435af74f970125e34de2cf4926574e5ff2d58b37f9aa	0.9996001720428467
aedd115366c21120f918d172ba23b245313c76c56f165e5d4f5462d1683704d3	0.9994118809700012
17c12ac9493b30e4f5052154db8974be3b3f5a802604ba833b54c1d7d28d22e5	0.9978273510932922
e0609e95e7189424a9b7ff10d6c55ac31e6e2c17899420df34a67d8581841e69	0.9986512660980225
0690288c3f30250b36e328a27ab1469165ecbc30065d6cc9c2e4d88d52543784	0.9802443981170654
63dfbf8e9c8b8fefd603f74398ff3ec1677abb7137ece26c267ae8db3b207028	0.9990305304527283
c5e270fac03955174040be807fb5237d2ecd0f20b9224ba602bec8d5d9958211	0.9972579479217529
a6aef97a849888e63f2664fdbc1a11078ff840adcf1d0e2e1c155fbe7c909842	0.9971714615821838
1328835bbf1c7df63326d3c892188e90a062a531f26245e01298dd20eaba5500	0.9998196363449097
0b7d8fe3293e97f6f3f8a9cc1801de4a427472612a9bfe427f90c047583e365a	0.9994385838508606
fcc39ca28ebb522a0e08da9720394262decdce5ec26e3b43bb715bcc8f5d6102	0.9986214637756348
df254c25f62bdb75541ae4270dc727b41cd3dd96ff18972865ae9aca9bb86f88	0.998059868812561
2062e153e994d7ecbb3822ad129b55f6459a04b5543aafca7eb2cca8c931db6f	0.9988833665847778
17961f0da133ba5aa5dd7b250e1c1e3c65a3213b9312061f114620f046124446	0.996849775314331
22745d0b5ea9d5b0c4ba84305a92eae376f2342f6e85f0c4b0e4aeaa76720276	0.9996122121810913
2f99abe8e1533ab83197b37e9262b3133a02d8dbd6f42102131825f1b82c79d3	0.9992953538894653
267011ff815db2e9222f17dcd155e9ee4a9fbc17c01ed4f710ad2245033c6485	0.9999998807907104
56e466194739d434ba3632970bde803350c141abe8429992fb72a4b58c6859c0	0.9977341890335083
3705284e4f0e646f50328d714ddd51c8843b71131a13dab827c6868862a33c09	0.9990603923797607
d97c9ac9b33dbdac111c98d6ef9eeeed180f1a5a1b428ec589cc41a9633857d8	0.9989856481552124
18cdce0ad8a2e8531acbda1e63497a7ca2d6522e338e691c125d5508bea1ceed	0.9990595579147339
f1898c52de668c66f5975f542e2569e7784ad227dd6a8cf4605a271e396d2923	0.9992421269416809
b00014bedbaba3c96c5a7a9a3e5b442e4866a65e4668060e94657318f994bd8a	0.9929362535476685
25489d351d3fb9b231559292cf5731de6d8d658a81d2e8600bea304637dff3f5	1.0000004768371582
4627353fad15e6f6327353fea21362991e22d981a3b039d4b2e9184f7df13512	0.999416172504425
652855dd621fd3574c22d3f2f4b756df0fec684a84624524e069710f5af2dc29	0.9976896047592163
a4c46f0fc71f0691149fc61515b0fcce62088c34e36da69453afd20fd39cc84b	0.999975323677063
3e3d484581ccb6a28153b37286b648e204cc076ae15422a8dffa384e1a4baca4	0.9993496537208557
7d4a4c6bac4781dfbb7a0d4e0b04547619608369a3232b88f84e73f743a465ee	0.997356653213501
8063233ecfa1010615288247701e6918aba835ae6352f34356479f340e0b68de	0.9993453025817871
5efdcb5df0d3f84218c626bc507380e9ba91240e4b42d46a07f4e38689d08e22	0.9998792409896851
0409386d552f507288c672f825192f829add0fa930fbd63ab9c1074b0ddabd7d	0.9997715950012207
47752a414af0bdb8d109093ca8906bbfca8bf63713b38fba3f564f6f1cff1352	0.998711109161377
378cde2e862b457776fed866133669dd9872d89158716188f311145584708dea	0.999122679233551
0148f1ec35536d6e2ed0165f2c14a29051021323fc67e864de3f7ef1b4520573	0.9989429712295532
d2ac6cfd62a5fae503f6eb761fb8722a411e960619c64255359abdd9ecd984a5	0.9997755289077759
f07e6847a34625a677ad7ca9cc9340791be9d1bd998d99dee6b021ce8a7e1116	0.9857189059257507
165fccc001d35e35662ba16875c1d4b9057f9c27f9b430082f696504c6788b56	0.9994405508041382
4b7df1b13f4b9fe72a587f55ad8b44d3cbe21ff307829b6f642e30a487623dae	0.9990936517715454
712f51dfaa0c52f7ba25db774879be3aa9281633b93b8dd05d616ca1aa1afb78	0.9995991587638855
99b3af4341b0b47beb06342ffc5430ff313a0b195429fda4a95261bae4452b54	0.9990799427032471
6c3efd418539853321efeb9628cd9e046e4c517dc5701080ce5d854d9db320ef	0.9994226694107056
40f8e5b463e8ae00822be76f0a4953f5ebf714aa230b9b865f8e4919abc73c12	0.9964838624000549
fbc4eac80c5a61fbcf20711e7b07add9be75ca0fa65e90c57a55529b51030dc9	0.9948543906211853
9279a0c1c15fc48786618e30c637ae7c06abb02f622e9d0540ea6ca10c12bf11	0.999558687210083
ce2c9ff45986f11f2efae763b483daa39517de5280db7676c361c0ba989ed266	0.9997493028640747
8f5f3437c966009833652a100caa6a169a604193440c2d7c49bb275a16b9ab61	0.996898353099823
f3059d03355b33afb2f982104c0f7995b061af1ead5470516d139f3dfe13f749	0.9996406435966492
f4fb86cec23b9373900a789e3897d30d88f5a247c1f12718c966b09253b41f35	0.998195230960846
57de29de708da7ec9eeff39f59a9cd135fefe9b655e0fda9c7874bdd11931f22	0.9992977976799011
eaad6355edb48bd09cf062ea5eaa7075212160a98bda6e749f91f85d2319b476	0.9999999403953552
3a5dfbc3a4eab0e289e932c47f223dd81332e2745471d9f9d9ffc545a33d0fdc	0.9989256858825684
948245be24898294d292caf8f37e20337b984c5a856733b101b9c2e3fc0a132b	0.9998116493225098
0c02b896258f01155dbfb73de569ec109c2867e2d9c5c3808c20eee5dd780def	0.9993782043457031
4363153eed73efe1ac83314cc7d08ff5ca63206c30c33f41a2e8ac3ba9961f62	0.9992889165878296
c96f1557dd9c710fe321fede14b9f1e7bdf908c69f7305ab38ac99630fd516be	0.9994633197784424
2df2640110d5cdcad278ef853add2f35c481dc6b7bf4b5872c4dad6d0a861f02	0.9980182647705078
f794e7a2eabdbb178ce705c8b28ed985d9d074cc43308a3f6771b81cb0105f3e	0.9976536631584167
05c4f7c544c52fefcffe43ab8beaa8ec6f66c9f09b5ae90dab71e32fbab0f5ba	0.9965749979019165
06dc79d1f0f31addd0c572a3491c0b9b2c65da4fb20e01be89a5bdf9fa6743e2	0.9971256256103516
523006757d5f2ce416b50df10e8f0a1034cac1a05c726131b97954217195bee1	0.9977242946624756
416f6b4f0488079547f722995c2931093b97e2fd8fc7ed05322dedd54effc3b0	0.9997732043266296
27e9cc6b8b76186cf7b9d10d4bb7824bc8b25462c07c23b76f801bbe970a10c2	0.9994091987609863
f882e4a798c52d7d9d4bda312fbd25b24b2f05226a581149c6dba5d21b91a22f	0.9995290040969849
2cc9b9e466ec88e4a8f33ba5b3c971d20ff62a63806000590ae5b6d231e962b2	0.9995855093002319
d748cbc9891357309d73313dfc23c5284ded770b55cc75a19e3bb5137eb851fe	0.9994490146636963
5938277496bfae40793c6ae446ace941afd2f04580bb8896d6a05b835ecf24f9	0.999147891998291
27776fc0bd87b16e034834e808af3d3b1c88e60a0f7b2d766c188935fca6c193	0.9996399879455566
541972bef284a71a51d5392b9015b6407726204fd3c95d0c3b46b2a52b4f59e8	0.9996600151062012
5d16fded06c7e05ccc5379da821e5085c2df3199b97d85e1dacd10985f4e5284	0.9985039234161377
777be67747f992c6581bf9982ca17bae283b122e9c0e7a0895b71f5dcaa9c710	0.9996660947799683
49d37a2f68dc9a6461173247a537a811a3fe9d4ed8e8f6c7a949d24b8b86db74	0.9986015558242798
be0ed50a2658090e024a614ae48419b861aa713f80ba7b5a79a0cd6d97492b44	0.9965264797210693
003c6a9705f9f4c7a4f75625623ac740a9796e7f7a38fb8789efa6d0c4db417a	0.9983570575714111
51060d2ddbe6716f0ca53dc06b9d566bf6eea032b883c64d9bc622dbe823f87b	0.9998276829719543
f35873f6c87b3a8631c2c78afb049ad06b046d3e765fc5cd897b7452c7a45ccb	0.9997038841247559
d704f7d9dd5711c0707077b17204960e1260ef5800648b8d1d1ea4da8bfa05a2	0.9998094439506531
c8be91d9ecb9a7f5634808e05d2e4c24147ad40446545c8acf766e8e20eb8cd6	0.9997559189796448
3e27acd8190ee7967e19cdc1c73a6f2b1e2ec4a137fc473742c446553dcc393d	0.9989402890205383
1250ae923d5d095ed292a57d1496eb02da5ee0ba637b7ea493ec152c0befb965	0.998932957649231
6de999abc2d826c5bf7995cd326cf3207489462ee6c48da9a523465574823fb4	0.9991326332092285
ea6de33e595ba4624ebc9ba3560bcb019e05e7ab7b3be072fb59e49f1b3dc86a	0.9943655729293823
73e4f49447f4a1eeb553770160abc1919f41088229b629fa4a73d1be2db4aeab	0.9962695837020874
4f68628ccf1cf97d34fd97521fc05e4321d7c7d610529a6dad105be8c99e06c4	0.9984902739524841
ca9f9120f6c18ab1ba60adf1045e5491b211841845b8c4af516a0a8188fa2466	0.9977052807807922
bed8d2288f0c28cf5f4746ec7d2ca837fc2282c69598b10d5a89e413902c568d	0.9995617270469666
053eb81879bfaba49252dcf45de63939abacc02c79910569bbcd94de1a6f9bb5	0.9991618394851685
db6f02cdca78ae158b983d8647011483de5cf8ebe8523903370daf7b78c7c11d	0.9991697669029236
bc72784f2cd076af397d321d1cf6a74d00f1d87b700d9e36e0dab355fe984dc2	0.9958485960960388
f293ea187bc237f7c6c0c87ef2203b5a50307a41546fa87cb14b47474b4a233f	0.9978979229927063
afef33fd2b2cc8b146d8bcee472ea3adf3c1091f9af05ef7f6c1efd8d09ba2e0	0.9991357922554016
84b29825bbd3a383f07d0a825131ede25202abfd63990bc2d26a17b229478d51	0.9952130913734436
3820a77a6517e191687363489117f5783a829bff84fc81dca050be9f0446d95d	0.9937219619750977
1b2965eafcf76b50c0fd915ac13c205b7cce5dbe570345028dc9cea75ecce3c2	0.9980058670043945
21a9f92308fca017896453eb8628d37be00c68e0279cfdbfdc18e050347212ae	0.9993848204612732
0b7a5fdd20d332b21498bbbf838a9b7f27683e041c7831c7fb78c9afe30200dc	0.9997764229774475
d3b94769d667a18dad06cb07de8d43a9f6f0b1c0cd0c425f160fa4153c17d501	0.999446451663971
381a1a1e18be5930412156fcb4106e855f65a623d521224f79c05a208527f17c	0.9961205124855042
22b96492e78312d03c03c8401fefd90965b4f5d0af4cc9dcb2b349735ba10629	0.9995500445365906
2614e1ef5ee1c0e33904a191995b9badde713fcfa55dcdd0073d35cc253da754	0.9997068047523499
540cc0181e112b3833239f8ef81adbacf273c4ef9fca36c6961d39f9137dab9a	0.9865614175796509
bacd8e7a64284255c9152f9450adb7c6f9db0055201e6d689d8cea1a3e549d4f	0.9996821880340576
2af76958de361d50f13c8c64726b739e374642d0495088f05d55ce46dc8a43eb	0.9995465278625488
c04a83124ae2957d3c231c84088390065bf624eec61bddb91495ebd9c50658c0	0.9987365007400513
0ad5f54ad4b378b785c3ea1b7ceab845c91b51fd78c4441ba4af6d6e24a69f37	0.9997576475143433
0a248352b5ce6ef6b7a2cbc401ce07dfa1e4bfe93145d8a92b82d6b7511c274f	0.999555766582489
5bb11c28c0f9395360a698e68d170c27bab050d17f0f113267c7af9cbac02b0c	0.9993206858634949
ab52f56aead1124ced488742295f2de22d5dbb65f3c84ddedf2f521c773f73c6	0.9978724122047424
d47afe41f7c3cd2220c29fc6e336795d4e0cebc502ea88fb5396fdfb0bb350ca	0.9966856837272644
31e76bc4b94105f36f63b36e3b275a212b780cde5f0b5ce02f4ff4608695c4ce	0.9994186162948608
1b793f5cee5702a58a5e85d5832633ed643b602b26a8bfa2d34345ff5396c4bd	0.9989288449287415
a8aad7a3fa11377263e318d687d09a5c5bd68d57d350da50534d41e345cfd78d	0.9982848763465881
8df7aa10c240ceb74e5dc915b2eda625edab75372118ad7f9ae579c2f1b527c6	0.9995883703231812
c54134753df468a9105f0ff921ce31fd3a352c94a61f7d929a0d366453f04bae	0.9996783137321472
c64014076fe86117dfb97a8e8580d3ded8146f8f38d1d386129ac58124c7f544	0.9991932511329651
2967962bbaf7661ef3283ad46863750fefb04deafa7d65020ed00f64d52aaa11	0.9980241060256958
e396e17b06be4688afa7cb5edd083d5efb5ba860af8a4214d1223bf678643466	0.9992159008979797
34974753a847ec10440e1b2c2f344eea2cd0781f18ab0e50151ecec29eb10a79	0.9996175765991211
5ddc655fc2c1c94fd2b4ff07352479e39e7be689e79d6fb2a75f8791c0a1844a	0.9983458518981934
ace44360728b1cbb75f636a430f5834baa3544b5f668699816c6721f78217032	0.998802661895752
9c16f75a6c4d697bcf52966149c0125774def91ea2bc440cbf34deed1ddbbc83	0.9992327690124512
feb1caeb2d740ae77b8ddd8cda5c0d37b7bc2650d15608286b70f05a99986658	0.9998196363449097
6668f5b9e3318328107231eb8cb0cf0be7a3486c121e3989f51c592c045a4e4a	0.9992854595184326
1dd899db075584f488b1297827d0bd30f6ca4018eb2c1fb9e6fe6788b58229b6	0.9984319806098938
ca75aa6c660c681c08893f4a3f34e976181981d0558c14193233d927b60193d8	0.9987564086914062
d605f4aede9decd4c00d8cb79938c9ec5e1e4f0ca75bcb332453b7119cb3f7e4	0.9969875812530518
083d1ba3822a05bf3013409a2b1f710285d3bb2976c78c7257fda1fb4c12b32d	0.9989705085754395
088ee92a74284b7ac6414672d16ce11792492ae8776544ee4824c29a36e30a41	0.9990368485450745
52ccdab2260d341f7a4be61b9d63d1b5f2285bd298b051653181b45d8f9acb64	0.9993796944618225
808a9c03dafef2e3600287ed52694311b13816c4c95b42550204504f0220099a	0.9998574256896973
b8315e74755a23d652509546aa4fb9a81f07a59d159ea2e3c8cccb93bbf30f07	0.9996397495269775
a65e4b3c8eaa7a7253e6872d07217eb36d836721f7af87669f29be8b34306d4f	0.9996631145477295
d740549611391279e6a638a344e942a3445d80d72cd60e5feb1d301bde8e2768	0.999785840511322
ebeea371486d00fad3253bfb0e262e75deaa3ffceed129f751b62184a6299b49	0.9995045065879822
93307413e5892eed63acb6942a51983a6301db7e0cec10d893737ec3d32a5bca	0.9974081516265869
ed76826036aadd43b3210030cec71cb44168f667691a8e939fadc22388038494	0.9996087551116943
da329b72c2ba5ea937e8e147ae0f89d594ed67411baa287ec7aca82377f77942	0.9994962811470032
ffc6b4f0b91d14d15b4b8d728bdbeac4ba9880deb91943c6792558bbbae0bfc2	0.9891140460968018
7b9bfc7aa4247521bbf3b49646b2e73cf3f093665feea617cad06df94c86d065	0.9994726181030273
84d8fbe1cb8ca2c8cc70be51aa11801c404a1737370888b1a9cf97c5a2496820	0.9971302151679993
d5ab99223125bd6ff7ef311a122ac48918be84398c202f5325e35b296f3d131f	0.9979984760284424
93fba8508a3571420cda244eb63ae87d26d0df8023aad1cff1969643e3818742	0.9992942810058594
f3b5672806fae729eec9485fd445e798463acb73577936cc6992d62aac732b87	0.9994059205055237
673797c2ee6f4e11f5572187784d4683ae022f8af94973986eb709032b2de248	0.9998183846473694
986ac0ea0df6ce5a06042222c15ac5d0edbe24a6571d77679f8fc3382ef13eb1	0.9964826107025146
3a06918e9e00f3625ea03ab4588fd88dd79cfcf29da46b7812c721983a96f019	0.9982581734657288
31544d121b0e4f9f65a86d118cbe08202424050521537540e173eb60e1f84756	0.9995995759963989
bf83c424d4163696b3349792062ee6c59798f459614259223317a164112a46bb	0.997303307056427
28fd53abc6ab064a21171e5c7bee1f92ac6c35b71670074051b6805a306b30fe	0.9994012713432312
cedc48eaa18fadcafc907d59f56e8855e665472d321ee7d548d5295988883bd1	0.9996203780174255
32bdfffc98ac351d109bb7964cca58f637e49e1cf0194c24af6c6e392f96aa43	0.9979971051216125
ba6ded2981cfc4501f6f4b383ca5840a4bfbba4b1cd2595f871ee60024eae540	0.9995472431182861
93f46e73c9630bfd2d370a68b2c51f3bcbee696480598a87e82b97967bcfad63	0.9994528293609619
ea7443edb3402a78cd1f28e81bf54d51a173a56747c3d15d115510e332968036	0.998744785785675
8a48308c357f94a0d0e16f897696ebb8a3ec410e4efb34f0b86e4f58d426c716	0.9992351531982422
443d2271b8cb07a1ca7ad283226d6ab3426d3b023975455485d6823b368ceb60	0.9970238208770752
d1d23b6e8d7dc607b434aa3ac1bdeebd037b31c50ca87c3a2422796d1881cfbb	0.9985252618789673
44a051c5bf060492e417b7ac00c06a065349b6be84f2081ddfe68728ed0c93e7	0.9988188743591309
c1c8deb9be17f478eef2281c7e984111f1bfaea7524efd54fdc6fde25231c586	0.9991759061813354
562d3202c7ab1f2562a442a11c60c38349789cc087b891244c87d32fc3a7b6b6	0.9974844455718994
b32a932feb7f505e92b85edb7e90494f4ae81ab1ea8b0e7ed6293982f6b34fd2	0.9994162321090698
b3e5c6d19ed194b8a24aff20023dade53e3de1c31fe3781e24484974b5ba8454	0.9988430738449097
50cd0bc2bf2f8ce33e0b1f39b1b920a40595d6f54df0c775ab6effa6d5444f52	0.99928218126297
90e0ff2716bf72cc84f335e789cce325154ddb41e2940e7fae32f4b46e25e995	0.9996033310890198
df1b8a26898763c1f62507fdac94ea14f1378723e43e8343732b1c93a1c80534	0.9996960163116455
61b3e7107b658212f3aaf121f2bd38dd14315c1d76312ccb8e52513154fb52f3	0.9994250535964966
de6a913b62a1615d57de1f6a67e816007d4bba6a2a36ac526e13b35f99ff15e8	0.997316837310791
2c7297e62412076f11c6aea67468f2fd408d9d54827e393d328894587d3ca2ff	0.9995695352554321
cbf2fd544bbb65cdf5d94c2614767d43b18d6a2d1b910cd408d76c6b90a0cf8d	0.999876856803894
c962daeabf1c46faf0678d3c415689f9b98080a914945989507b67708e018cb5	0.9997225999832153
53d324552a135de4abda8601894f784f824686329f800b3089b03473cc687f35	0.9995694756507874
07c938ee97ed2db3032669d6974ad4a51429143e0edddc90bb8929a9357440dc	0.9990635514259338
37022e8e7b5d325154fa9fc8fbf109f3b4bf75031e34c38095762dfd979ac535	0.999325692653656
bca5436eb2be72bfb3da002e83676355154333b18fba9d4366100c00df2d63cf	0.999234139919281
d6efd785945cb2ec7207654e01d62455c669c8ef655d612d503fa03a79436706	0.9990955591201782
116196f9b9cb47d4c95b557920ce5d2159a0d165e80f5e9b86be00b065dd29bb	0.9984551072120667
21eb0a623ed5082670808fa85848f81ec36c55154f5b376fd2d19117609c1be0	0.9996947646141052
c409fd0fd8c1467299b2856cfa64183a13e0c6e798b54b4a9bea058ab13fed89	0.9983065724372864
9b2bb43940a1a6a8fc54b5ff36be93f96894033fbf8954e7350c05c719799460	0.999703049659729
c3c42f9dd152023b572e408a6b531765030af1e563890101bd0935dc580b4a61	0.9990266561508179
a6ab82d0cc5a32e34c4a5e228ba39b818904aa85a8a20b85d0530adf48c72057	0.99680495262146
8c11ba3ac9f23571fdc82b49d2e41387938e7007cbe6a4b8f7ab58dffe6bc567	0.9994697570800781
c4b94f0e7ee16cb341925ef1de7c7b7e95ac90dddde1445e358151cff328894b	0.9994364976882935
ff02cdf5343bc5b6694f31ce6c0ab7e454d4242165e01dd14eecd0386de62105	0.9987215995788574
e9f5e2072b59ba1023c62d498a29e847213c0413c0267908c86318e9c782fa2e	0.9996587634086609
773ada2bf068689ee0b7dbf056c846906a72a41c57d25749e31e45e88a90d2db	0.9996131658554077
41081d81cab4ae2ed8a73bc6f402ffce85d558c1b290e2129b5459b910826445	0.9950277805328369
2a0d9c71b8af2fb42462af4507022efe5b81f436bd335e6232697574c2b4babf	0.999283492565155
206e126bcd10e9936917f3d5c46bf9d092edb139ed4a7603facc100b06405077	0.9987852573394775
47a7f26c4474b911ab0448547113befda7515ddea17d123f8428037dc20c2716	0.9982038140296936
a5529f89b39842b3e8c8dd312f5b2d846ed11af5f0fe89c45e707c8b26b1554c	0.9986968040466309
d3f7fa4a26ea000227622d6e066b5f9e56fb0ee386e18bac810ffd05c4756ad1	0.9989140033721924
5736d82d8e6ca018c23b05e6766796f600a62cb29a3afaf103ec8459f1312fdd	0.9977776408195496
0b6564b06f6f932b7f15be64f6e9a02648624c12d63a061a9380e716a2dd57fc	0.9991881251335144
1c6cf030208656ff10cc1a2f9c979ad334889a81a4e640f7b70bb8d9bcf4249e	0.9994012713432312
28a5d40b1b31ab5374764ccfa0047ffac236fdb88067e5e37f0ceaf9c67e393a	0.9968659281730652
7aa1b419df9baad907d63179200678e0f1560ab7ff6963afb4f9c288faf367e3	0.9996174573898315
3e020000091f789b15d6fe66bd366f1cd3c5192fcb32ca1bcc5197f7c1db500f	0.9990593791007996
b267820d0072545ad71806f2f7639e66abb4f3b17f528f9d5af7cd46c0c6e61e	0.9992436766624451
a0fc994ab3fc94fc29b2c5bb03dbacc546599a46049e3026ebd2a8e4d20a7eb8	0.9996578693389893
2e91468d10a38666617f633f90261112ad7626d4cd087d3f732dc927b42bb0c3	0.99925696849823
3e01054639f7393879deb1a3e179d39826842172fa652a657235f06362e3e1f9	0.999758780002594
ef404ae75b39a58f527b1e2ace71ba9095bb020b8fa244f120af8207c6f7c126	0.9997727274894714
2473e89b5cd00bc96c56a01ebba2f3e44cb858d5930a7225197f36aaf343a1d2	0.999474048614502
45ca6673413902d87083574e7aeffd9e72d33683a355810427bbdfcb600657e4	0.9995331764221191
1a50fc3863b26d3b207005d3cf06cfa585654ddfa00acc41ea666db74dd15968	0.9991637468338013
07862a0ab94e6a155738595fbf0e82a73626e86a978fac5a8c35190b73d7345a	0.9996602535247803
60828514560370092039646ed51a6f4ff70cb12f70d6e45491a563a3c56d4b9b	0.9990071654319763
8189980573354e6fb522234a5b2fd1363006057e45239ed84c49492b41898c0c	0.9994093179702759
2b7f81dfdf20c15ff1b0bce2390011943e8ab4569b1986eb01f81fd5126b972b	0.9974531531333923
64e117edc40487eb3c8d0a05bf4a38a8b7ea4acae5ba6ba47ba9f51e040df8b4	0.99882572889328
746e6f8a68a6fc67955283e56878ef6eaebb2ccd537deb4dfd1e503778e5c6f6	0.9990707039833069
30629c6f900b3d618ccca0eb439c693a3afed7a47b831c1da320c5f67e4da629	0.9979475736618042
eb258c9c2548d44645e9e6276d2c944fdef5a5541ddd03bc2b8df3ec5a9588b3	0.99784916639328
dc3118507c7926bf0d53b7f9c7147d489bc94446c3cee4490725ccec70068b8e	0.9993158578872681
fecb83d04ca914e72140aad3deb9b711a5844b9abfe2a8efd87931fe3f4c53fc	0.9991564750671387
8d4e61144e5c96f9f8e4f6ca1db0168d9f43383dfa02bb8978eaa2848b96bb30	0.9997199773788452
6677521222479d853493c879a6afdec58642b5fe15455095d8162c72a5a5351d	0.9979182481765747
9fa7aa01a3d2911f4748158798fbe9a971887acd8c29ffe07e73a5acc5e65c7b	0.9985845685005188
3bd4bf9a1083444a62b9fd55eb4544cbb8e39fe9bf2986d6ae5bde0d6fe4700f	0.9972572326660156
b818a58a3266c705f8f44fde23d3781b4eb62ba82298c3cc39d820b7fcdc0d41	0.999649167060852
2e02097436d42026c6870a7e581339d6d53a7a2173396bb6fd53bcff831b716c	0.9988024830818176
9fc4508238942e7cf40354d962db0c18c5ceec7320e0a3b9f69a0a7836efa50c	0.9788937568664551
ba32817d9e180bafb9678e119e668ab63516342ed90b14ec13c35c34dbbbe4d9	0.9993432760238647
86c60068a91ef6ac5b52c2072eacb55c7aeec2ab261158ad43759540ffc873f4	0.9960417151451111
24a7a03c1b27260bd0eecade886f45d6c8bcf2a8a5a897bfde53a9d2de645303	0.999367356300354
4a05ec9743b262c442d456014e22158d4a2aaf951e39b1a4c9a79fc6f7158bd4	0.998126745223999
6d5fb4e1fada7018a708adaa17f22ec99fc5869ed8d38d0cf0997f9cfc1ac2ba	0.9985198974609375
e9328837f7ee721964eb6d8046409d4908e6a25b7578fcb685a8f4ce866cd81a	0.9998175501823425
1fac818e392d8de3e6c5184ff2b4872e3e7080233ae356d5820b7703b9292ac4	0.998560905456543
f2b4dccb323e7e36d8c695f27e7f23fba86a1a8855434e27717a28eb960ea4b5	0.9995267987251282
9cee05bb25ec898028b0cf5370d836d96250d2daba85edbe2a0c0616baaafdfe	0.9990386366844177
f04445e7a60a83b572857e1992ab88ae4e73532e899929dcab012f9523b860ae	0.9979248046875
91e963dd6abacd8dc3a0853340fc112796556e2f6b3cde26faa323a3ec72cccc	0.9997854828834534
ee10ce0aafd4978ac80dc73063a33e9d9793cccca0ef20c6aa4237bbc7f7a3e4	0.9988400340080261
f051226c457df297f0e62743213f77ea9e9f7e6ce015dbac91e46fb17d727fcb	0.9996089339256287
d6ebc05460a0d8c88d17f9c2d96d0b077240e09e6f710f8c352681a7ff6459f2	0.9995642304420471
a4aa7a676a137a6a8371cdbdb304d5f53505d4c846030d1ed6deb9d6beeed09d	0.9994057416915894
d55455244ff97bf1e764a79d27d12cbb7f6923e03903cdbb6035ce71306d00b0	0.9986217021942139
de30e78c753eee7002df2db53b2d04a1e8db104f4e8ecce42dfe82626dae25bb	0.9992815256118774
f772a497a1ed1cb1428a37fd199dbf2189844f28034a144005998cfef35f17fb	0.999113917350769
68ad96e4152b33925dbbf298b7b747d410ab2725b375dc375e0c39be31062390	0.9983421564102173
935a736c123bc2bd1e6885fd58a05fed85bfc04a115a3a1fd139995eb3cbefff	0.9966870546340942
4c6b8f80a5e397b594993588ae7e480c79753f027b8e10a0bb63fbb95bbff3ea	0.9995805621147156
f2833c87b574b2b56bc26b6ac3573cbbc8e8c2a15d09d702208077bcf433e147	0.9997233748435974
42a9f4213523ff85d5ba78213b22371a645987d052ed8b40542d96ca3010754a	0.9997581839561462
0d222eb5d3c050804d4d3899a97febfcb4c18e8ca160a6d7c8d82286a4e7af7a	0.9998375773429871
d534f1a59f2d7423e254b81a00ae52c993b56ac6e57088139199c0813d120e9e	0.9996691346168518
beb2cdeb1e5234569c7f7f48bcc0cf1866de6982e5e5be679919fce8cd57570c	0.9965254664421082
f3c332093ee9d5ef57fe04d7704ec68a12295e770ec328f2965b9a4b1e020623	0.9990038275718689
771404e1f29163ba4fdef2df6a39bc76fbb637043ab7b567f58428885d27fbd3	0.9991862773895264
cb69e3b3fb1bd2b75add8a454675d62a2dd0d3e004c417e4887af03641885f97	0.9998514652252197
86005264d2cb3e5c72d2df9e01887c3d6bd9677dee28d84b49aa17e790d03556	0.9994027018547058
62f0b0539e9ecad4afe7cb3667eb1dd35d81b0b12f3da46ab9a8d5e9a531ef36	0.9996963739395142
ca7bc3529cfaf9ce62d82e0345f4151aa3b1eb4859f06fed26835012e931e7d2	0.9999977946281433
6d78ca0c2ce459bc196aa89439509a4ee4deba19ea9a986443b0b2852174c665	0.996909499168396
04cf654048ba3f28a039f66578f635aeff898b7ccbe904a1bb55023f684554b6	0.9982843995094299
cb7a41e85c1294c90077b60d6fa8f9d63c00ae8553f9f318224e4e02c68cffa9	0.9975541830062866
c0d76e94685f7a089f783f173a84d68ec1001e7915cb188dd2a49ce09879d51b	0.9994194507598877
5478d5add182f773fc88834014bb1d655b696eb739e3a5ced5b8789099a0e953	0.9996135830879211
a0fadc318503d68898ca51edbe35c2bc3d763fd7cc2752b09f71bb8b67a2b289	0.9996178150177002
036049c39537833655bc0d9fa636c5ede4e9c49633187a5a37cc94e5f1087e1f	0.9999977946281433
a19765dd5c887a3953f57d609512af429596c9e64c72266d5878272e1f486c86	0.996873676776886
3ae2a367e7c42b7c119526a5b7eb971a5338d87dc5e612f748a6925ebbcaa942	0.9991769194602966
92fb88d4d765e507d80ee8e0ed6285c043e455c5e09b658bd5d487fb794b64c9	0.9997099041938782
de387f212f55f22a9d9cdf55f666d5076d55459bc2f7f0ee163e3bf608a20f45	0.9986182451248169
61a17c80177eff981049382442edfac7cfeda6f0d0ee06bb269ada7d1574baee	0.9984788298606873
c3bc963e4820c15bc708d2bdaa5b76557b408702fd688c8005b086c4e4e86f54	0.9995818734169006
d369ba2f22bd9ac0a15a94a49562ea5184a83f83c265b07586ccc49da14705be	0.9983726739883423
f50474da123ecd1934fa9ba64f766472552c3b1bf24d6e6d80518c7862aa9f3d	0.99596107006073
3e81acffffc8b71b62214ba1ccb9f4bdb9c387e7223432782f9f6825ec67aef2	0.9978705644607544
77e42d9594e623ea09bc4b73d594af0047e1871eaa1a9d62b15ba3d7bcf48e00	0.9994189143180847
56b78fdce560725eb1e3d031ab738c70def568dc2c96bd8d10183df55a1adc31	0.9989067912101746
4eff05060f34294fa09cfd26ceba7d0e6f27fbcef72b73765818a6c0a3fea4a9	0.9994166493415833
6765e498f6f0d42b370305a1938c7c6be8a1c3810dafb1507cfb4ce40e969325	0.9973354339599609
4c879916aa631902492ecc7e39ec2f2af7718ea5d7c2ed092fbd26b975a9dbd0	0.9985623359680176
ff4c5745f44f00484d7e1370b4373d83b880145264dffd7d32a72807472bce75	0.9913018941879272
39b27183a119873eec619dcf576621c39bb3800abd26c6a2d479d7dae27839ee	0.9991841316223145
96a88b76838e0ce63f9100b312ad9a6443451a1200ce2eb0ad872a0beff66a09	0.9996313452720642
e9102d7001d4a05608665bb69d2e6d00164af1933ecb14fc901d1e44a3dc19a9	0.9956333637237549
ffcdd75ed199cbaffeefc73ced7658e0a89d6c63b6e2689fc5d0234978e759f5	0.9998098611831665
c888b97b9128a8f864bf9a4580ba52109a0e0e8231a52825d9e0c55a334fca36	0.9985069632530212
ba00456682702551aa0569aa5de6b8738251d41c0954bfbea6b9059272580555	0.9997208118438721
0662f8ed1f3f0bdd5a2427e2102a7e9d83a1484cdadc99e4dfb1e901f2a901a9	0.9999256134033203
b97164ebce9ef66cd784d61cfa4b4aa16a60f141f19e350b0cae828abdfccf92	0.9980250597000122
f31b7c392bc9d815ce83d1297dcdb6cc564435029a9a775d53f885edff3e4aa0	0.9993008971214294
ca860115e4082cbd54c31ab8ceedd7aae97bd2a25a92290644bb6c20cd497cfe	0.9975671172142029
1cc477c64854dbea0746e40e1803b5f8b3a1cecbe25bea3b8b30f42e106f6af0	0.9963256120681763
7d96ca4f86bf3384b1a912a38e944329f1b534bbbda758854bad6bbba225e362	0.9991137981414795
82c2e58de513cb1e6a3cdcad0353d05ecebbeb42f2ea7500c79e175dbdd68c85	0.9954668879508972
9f186c4f222866787c29fb658c0673d05b826705718602c53807ba1ae76e15d4	0.9987307190895081
7051544098a5aafa76c39c7833403e5a88f8671c8fb7ea73dadd84fb94b6691e	0.999539852142334
42996321c19bc5a782938d3c3de1a63967c1c58b7ac85038f88d0da7e1d8ec7c	0.9983441829681396
e3cd3a516d84e36f4c566b317e32ed57459113bb483e1b530f5c00657490d81d	0.9983399510383606
3a0a100d262eef1e15586bd4b14601b7bd19072368973c9aca2e6b26df616a3c	0.9996912479400635
5afbc30d3be2820092051478a03b33149261158e70efc7221edaaeabde4afac4	0.9998498558998108
f008e2f768de37d74f46b434b3835cf82e6eaf6542047e51c8a91e04d5049e72	0.9972497820854187
701d4c71b2cd8d3cd3efbd67cf0f26ca1b10e898de9040b631c61d3e8c1756f0	0.9942785501480103
64ae3cec57e1d788aeb9ea2d932e1fbce475eb2413d39dc6b6d806904708105f	0.9995761513710022
23c8f225b271a665db5e7582dd5bbe4a25daf6dc00d66d56ff4d480a3900a540	0.9996432662010193
82243bacedb487d187b97f6549b6efa3b4f5a4a96766e214ed45a89d7e754d84	0.9971672296524048
16b10569d6f0625e05896dd1637f6b7c5458827a6e886b403650e687dd813365	0.9989315867424011
27a2ab2aaa91aa6e24a4734bcd09183ba625233bbfe756ddae8a58a704b21630	0.9986457824707031
3462db11a6340485ca45f567f1a767430d6175175c9139cf1543b4bd75e6dabe	0.9995488524436951
a785c870e61df49eb45faac71cf7b832786085ff8cf8ed53e4b333d745ae0ba2	0.998543918132782
9147aa3f251c7a433c85508efaea405fda398c1e3d8c9d36777713dc9a3d40c1	0.9978302717208862
56013b9c6a63e60b31ded344d145ebe182bb8cb0c2d3dc8f0b4d90fd4ae53fc3	0.9994354248046875
76f01b3dcdf4312310044a643746497a09dc5629e5cca358947ad2587d6fc884	0.9975180625915527
9993b63ade5ae48cb4e4e0c85b175832aa3b32f9554e3d8efe8ac3383993dd45	0.9990370869636536
7874cac2a4dd75142606203e95b0e318f44227e3705fa68b419e3c835c37f3b4	0.9986193180084229
90cfccacbae89aebc857e0c32a2af8f0e40332349c5c6323c48273954589ee2d	0.9989457726478577
09d84bf21dd963d2048ffede6874a186cc52348424a4f0dbb109fa7e2c615f31	0.9994738698005676
673e5cb95d9ad69132029b6bc548f7c0c997c710a21dba406f8a410e94b39e38	0.9981098175048828
782c6f51cceaea8eefdf0304ca60aaad60e86be6cbf0bce2264fe28e6cb04f85	0.9984342455863953
72d4aa35a83c58251c7a5743f69dcc203de925846a5076cb97189609ad50675a	0.9995415210723877
70b8dcf852dcd9be4909101c314371de2959a8b05a614f9b879511131de39897	0.9997299909591675
5b5474768fc968fa1c015e47ae590288f0cb9bb7c186c41a796bba1f8a031528	0.9987485408782959
e1145abc5bb6d39087f5654b7e82ad253d5149612929abb122a441f38e494090	0.9979932904243469
d9c08501622296532c2a359fb1e48e68221c0be6310026f0d347802fb94a01af	0.9994539022445679
2ab15209dbc4454c9b732fc2d4c296779a42a67d17a8cf9476b74a0e9db492be	0.9995079040527344
a9b9f52324645b7ea4b67b0b4c6841704507c7a8c1a90d90f992381bbf384446	0.9994871020317078
ff6ab9f4e7ecc93c8e5b47d27d417bc0bd73831db3af32ab20b0cd7b04ff9295	0.9988322257995605
c0ccc8efb537c71c7fd5f0751517cfcda1a8e66ced13e40945bdda37e7653c0c	0.9993363618850708
da508270bbbe2492b9bf12cb1c44d821a0b198cb848281cca24b64dd8ce74c2a	0.9997268915176392
ab4a2713f43a5866170fd8c79379ceef6eca0266376f2c54ac02279214fc1c13	0.9986773133277893
0584edad49a796702d7e5a0ee0e164d4c1259420e3049b979c7194f9e1416ead	0.9984736442565918
3141988e579faeb448bdad7fe73108c5af3c86b93977f848ef228f75589836bd	0.9979997277259827
2484236e9b1514f374719e9e9260f6a9b5d027e597a3e5d5b22d6216b05e24c9	0.998188316822052
e0c37af2f8acaccbfe457643e6a52170582110b4d2dbacd9e83a00f93d76bdf6	0.9995365738868713
636f4835cbae696644e6923bafa3af9aa4a15c6d9e8b80c4a0810ad502ac8560	0.9973810911178589
9db7296e73a421e3cde2c2f4fe6e6f7718112cfeac601cc06be313d8cf055841	0.999489963054657
4c04210764836306fdc579fadec7b054c1e1d6d7737435bb9291353b112d2a9a	0.9991846084594727
de22b90cda8402e5f1bb8e409d2b49a1ba38e6d96ae3232d86f58cf1509e2e05	0.9990759491920471
6e1ef673c90a11c76cd5211b1b16d02a51c1a49c7aad72c006b44c943ffeedc7	0.9996790885925293
bfe20a344d5a1c4d5ec1ec294bfad676485842f8b3a00aae4484fc69182e6f47	0.9974644184112549
735cc27f67d1521f715f95a45f50ca92cc497f9ca433f9b01ad4c6e74dce36cc	0.9994547367095947
e8dde5f6bc033560a727748e727c888f0c990f2e040a623ec47ca59446a29b70	0.9995753169059753
d9fec6aee66c18c091b197bc4a0f25bcfcaf7110e9e83dd9aba73dbc7b5ad51d	0.9994057416915894
250af6a39bc714ceba9f81089f394f110a8cdbe9f6aea985b17eac4cd6342089	0.9994392991065979
020ad2aef71451d92211ac1755e49aecdd7cde46aba3a6f2902310024d21c289	0.9993754625320435
cbcee36cee490b2b4ee0ea3e94f9321f6d175c1eea14acb4ff10c3b2b809e3b9	0.9995743632316589
dbf7febf666ce24466bd68438e2967ef08ceda3f275cecd4537b44db69d48a47	0.9990434646606445
7deb8f62e019140601de9fe97a73413c91c918025a05ed81cd3659709a34f510	0.9974822998046875
03ac1c6aa8372bec585614891f26082a1befd52f807c5a0d6c6248b15c6ddd72	0.9991925954818726
bdf83a0a0e3de94d662a0e7e97d1ef87649d774f1e47ad3e4efbe31f8520c76b	0.9987729787826538
c968be2755cf0a05222e7b0f83e423794902569eb4da3746adac8cffad53771c	0.999205470085144
630f56300604e7d81f21cb9cd463840bc5ffa91d4c309e3e5f8ceecd2cc63dba	0.9995096325874329
24820e21830f345514fe2aacf8cfc356b6efac33bea66101b2d6b6c74c3665b8	0.9994545578956604
7451379b7f959f37958dc661720ffadfca72336a832322dbabd9c2100b3d3df6	0.999254584312439
255f7ce55d82f506d93bfafe92c4587ec7455509a4c18ab8d9452773808854f7	0.9996789693832397
fc2f517788d3104a8bfe52838554e725c29ca8a2c70cdb9a6f5bede28113af92	0.9994497299194336
0b4ee8494826bab9dc1986f9e84e2aba5e721852b6c1c94984336c18b83c1991	0.9988142848014832
f8cd2857bf7a70096d497305286891d4c27b046d6d154374e366433047607139	0.999589204788208
12db040b8dcafa1ab7f04951652c6c764df054be80a4b2a48099a419f49d4376	0.9996488094329834
e2302e9bf4aad6455649ca612d2ba366900686966a5819e8841d0049d05c331f	0.9996152520179749
f1e1019ee5869d56b3fa8a3f33a6ae4dd8c7c1d6961234c84b7a1155c50b0bba	0.9980223178863525
3c80da231fdece20a14c9cf79dc85f1dcabfcf9d808d96aca86f0c1b021d8a77	0.9990098476409912
1305034c82fc15792aa64d0c5e81a6792f0b91823d0d448c44a7ec110d1bc13c	0.9993515610694885
94267cf47a539193d7fc9117d4951a787834c745e08fee03aac35dabcd91cad4	0.9993100762367249
d3875ebcfd73e9f39dd4524745e749af9a10fe139ddeeea23a954653e3823c82	0.9993854761123657
9f78ca05dfda418a25df1f419e8eaf50a3aaaedda95a3ee740a1b8e9f1a8018a	0.998938262462616
cf8ccf566f7f6b6fd5b15625902717b67c01947ae5d11831c8fec41cf14653cb	0.9986841678619385
c045a991213e41267b1e11d20237b6ce6d80c321f59ed03c9bfb4dfee22a6596	0.9987735152244568
a06bf9caa9c9acf67ed4df991f6c30d181bc860dd584e78e501e507758d6f98e	0.9975025653839111
a314c5c3df0caa35e7db196277472aa45b22ce9b5cdfdc4fcee6ef6f7a8abf07	0.9980307221412659
d50328245fc3b2c2d1129ae86d0cade99957e8947d4e692a2fc0216f40b0434d	0.9995400905609131
cf82bfe29197a8e4d7d586d361872b4e61fa0a04f09601d9a042a44c0adb6156	0.9994150996208191
c227c343e9b0475c4f6f6c822a498d74b1e2cc059450f87ca9d7cbf942961ad5	0.9996662735939026
56b7d8cf0ce1e387592e93812d3fde94d521d15a5f3c65de78ff3dd0d92b0244	0.9983041882514954
93f15b13cfacb2200530507f89bd2ae455aa98cd9da83377ac27459f57ed6424	0.9995400905609131
225f560f0061d79a7deed76272679a9c2a11f3510903e339dadf7c8e97f35478	0.9968196749687195
e93d9d1d42ee444848b5637aa8244feb2734768584fe421f6751777d88b24ef6	0.9969937205314636
0023f123cdbee99d948edef2a830bf806833e4c5239f0007440a2f761121d483	0.9985709190368652
bbff65292696bf603d542e884ed889303907761b22afb5023666365137454b7d	0.9986472129821777
a7275306dc857a1d53b7ae8dbec3b55ca2f5107449190c54af2d50b8c67e840e	0.9982573986053467
26d673778f84510cc59ed464b694bec1f89dd5af321adf1304f524ad5835b4a6	0.9968476295471191
cdc6e995d22c2cb4a83b0d3397ccff523b5164a9ee971de6de4ec955f30790f4	0.9985676407814026
fdfeeb08d86c4098383108faf7940dc1b3ca41308d662b1008391691242706f4	0.9991464614868164
8f22367c985f907632efd9f1cd58a1538d7ac91d7f1b7a14e41ca34f9a08b4e3	0.9989558458328247
b3164b5320328417da9ab11d1d9a98aaa99e1b03c7769221d15a42f72ff215e0	0.9983527660369873
ff6b02a17defd9266ef4a0d6f8bfe13aa6afef9b8811497a0a7a7309cd2982d2	0.9976485967636108
4d9bbe3f9c8dcc6c50add3a077c57f7f97099719d4e916f8644eb9e3ef8e731b	0.9991909861564636
248bfbf2a756098895a58eff487365cdc4bf5ee9493e326a2024a744d411c01b	0.998282790184021
a7be9dc59e136305b13f0cd7a1e7785155be1a6caa5050097714698bf0a7b8c7	0.9986888766288757
bbf9d8815f4cf8ad106877334df906cc7cce350e68f783bcb9ce46b941dcb9f8	0.9979572892189026
ccabb494fe32fa98281c7a2f2312700679899dcc91e4cb2b7f0e4dd41a81f02e	0.9993741512298584
904f99cde33c7322830c9dc735a503ac083613fb28daff091a43887ee22d48ca	0.9990450143814087
717190358e7748db2bd54ffa2c15e26a034b4c181b3cfb1682f7649ec685e690	0.999561071395874
83f7df2d301960139886bd55a047b0e0c20dd51598260aef23621074413aba69	0.9990203976631165
dc0725c68c1eea10d6b41e5c8e6e69bb378e66921a1c1550f85364433b99990a	0.997184693813324
e29801a64a368180972900bfaad1ea43a111d1721716fa6f2aae9bf600462fa5	0.9994820952415466
5854269994909be571bd7aea4e410760294f1f434cde9f9ba161a88c5f5f8d9f	0.9986656308174133
3ac54e79e67dfd8585cebf6e1d531eb50c3bf7ecd10a49c6ae583000e38b6148	0.9997296929359436
67928067ae36bf0e6834547d09ab1bacac71201f011f3bb203d39e1f824576ff	0.9979740977287292
039428d8e7f799bc2d505050db55ea6dbdee467d364eb3f77b51052bf24f75b1	0.999661386013031
ef4cba6d288c8b070a6d2979fb0972cf81ebbfbca93294813814f0b09d931e66	0.9971707463264465
8edf9017fd0022933a70c97e03c32dbb0184de79a14a877018bbe5d5ecaca605	0.9995172023773193
68f29de8d9dab7afd3baeb828fec7a9642871c0e73ef755a5b0a145a96c41d9a	0.9986201524734497
8b48742838e60e7ed6ac6145df89e860e50e4e12f9413e84be976ce1b5ddc3be	0.9998021125793457
b2ba4aa3f547fccf6529fdad445b640a780b64b6e208666fec95e93f99c39886	0.9992395639419556
1f032069d15f5f4bb67a3633b45c420506684a100064584c3bc2cf1b9a65e8d5	0.9999198913574219
730e13f902971a26dfb974fab3e0b0e7a6cf4ce4806211c08938e0572e6aa1ae	0.998236358165741
a73433f862bbbe9d2c67e081f2885441e69a0ab95f1615e9d92605fd430f3ded	0.9981313943862915
2e9d69cb5aea2590236ff8d3750ae3512d94dd7fb71ec9e51bc33ad170f08611	0.9993624687194824
de24a146ccb542badb208f03296d03a650cb1fcbf18716d2df3d42eac1b02936	0.9989002346992493
99eaa459dd267a14f58977961ad7dc5a96e57bfd4a0b4fec20d975de00085c77	0.9994370937347412
9f71e89fbe8281be1332927c8c22cad375333370c338d7fba0bb28ad5a75deb8	0.9998153448104858
c3570bac33a2ed7fe5133ea644561d4686bdccb3e360ebcb270e8904dfb66c6c	0.9987233281135559
6125adee61b6d40405db2a9ec2e2dc4ea8e0f07da07e11bb0b05e27a2e49dac4	0.9984229803085327
098325e9d3f63c73073431cd6cf656206824e77bbc6d487b1d389aadfee64f2e	0.9997818470001221
10b6ac37ebdabde44e85fe9e8003476f3f90899748565a769a5398451b8dcc64	0.9990516304969788
5f8b709053695a54fb15406e8858bdbdb04d425af5c370c578ee4a6a92d918ab	0.9985296130180359
6d1a36192f70955b9a77e6035b79f2a3405431d82b62dcfffa89dce060bc06dd	0.9995251893997192
b31554cc71a70564cfa63d417cfea31f9d9b9c9d3043e7c5d83c702ca4f4f49b	0.9993247985839844
6983a3333661e39581455a299f0c0a1f65d0c0130fd40cf51f51852871a2c00d	0.9994233846664429
0d3814dbd7c357577bebc23c6068c77e78e6b7dfdd49e4b13fe5b6084bd1447c	0.9998073577880859
6c8393a76c97a28481cff3adb35ccedf617a33284abcb70d52fcd5d8df102262	0.9988049864768982
d78fb1f498c2d29ba600397e1df2989e744a7d32c3aa7b5e42d34e6ec491066c	0.9995997548103333
0f23d0d342ad5329eebdb7676bff47b225b8c7e18907fb656fc860155e86bf4a	0.9972259402275085
4adac5a46ffebb43a331f220e1d68675fd5601feef30b51507a0dc89457f0ede	0.9994405508041382
41c6d2eda8fe902c241c1fa95f8bea5ecd349b426837de4e8329ca71dc0579de	0.9986196160316467
6e2e243493390862f88342a482c53bb037412979e16e899713e270eaef13d4ea	0.9986621141433716
8d741bebd7c4a742b4e0dd1ed8a9be63d5e792e58ea957effb04ccd023148572	0.999857485294342
f5450d751521a5dc7ece17b6a45b0d2e2d003b23a41b11a66b5699ed6c6bdb41	0.9968000054359436
4819c74cd37102e6fd5ae40d739892b4e630ac5a1637fe6c3efb60cc524e806c	0.999568521976471
d8726410cb04d90fb0b860a4acea6c9e88cd8257f5a7b0dfbcb5048aac8ea67a	0.9970129728317261
d5cd23d44bcd71afd6e371854b2cfb645da532ff367315a00de7a51de6c215ed	0.9993355870246887
1b54ea3eb118efe44492f0f0b7ffb4795e3a4f19a287b88e370a6ec515e46369	1.0000003576278687
f8e27ec7fa71f35bd5d64d84a763fa8a1ae187f82e1b8f6eb5af1ed3885bb9ad	0.9994301199913025
f3af21f202c8f0421d3932ce2ee4408770d5e619fd9403036e607258fe20c74b	0.9993481636047363
6fc2e1ad51e8fad8a7967f6982f140df20e209e22c99eec4847fc2a7b4a85c5c	0.9994898438453674
317a591d7b393fe44e73ce3c7928f5fa4422525a35232ca7cd44fa5f2cf42f2a	0.9994667768478394
755832a81636b40d388499214eeb984704b9f9b7981a0f2986bcefb42ff5614c	0.9990612864494324
f7757c1c46ec1bc2a550641e47f8644acde62390adfc7afd5d92ab55f2eddd2f	0.9983272552490234
fe2a4f38aa5ba1687b7cf81ec5aab3b320dac46ace42dcf743233d1f3a2b4aca	0.9993897080421448
4ff2c17f731e67544053045c4502490d5a55e03b0d8d5df8808865b43c247b75	0.9986263513565063
291e0e2652c6386d86b615e30015c26cc325c8c4dd297f99666e8fad3e065e83	0.9996541142463684
ecfb7449286a6b0045f1dca29336488b8f55ada7d880678f0a9113807e4a8d97	0.9978047609329224
b031bfa95716bfdf05af8e9f84a20143e4fedc2859dc4e1bf6a94dfd6995ecd0	0.9996441006660461
b2d353ec72676e9d6b35132adb71bdf812d2476f14ea1528be96a33b99a9e655	0.9960048794746399
f3dafd40e97b9b2941ddb06088f8c836451f843b4e23504dfc364e6624a300e1	0.9972974061965942
24120349ddf218f522c3276ee20716382d3f201a215b3baa4e664c6e76f34cee	0.9961605072021484
1c10e84c6c99c1bee17d303bcc283bf43fc1606c598de894d45ff7eb676d3785	0.9964352250099182
ff7a1d3d2ab7010cee62eadc6ae4b4b11859e91943c7075a0260134b39251962	0.9993840456008911
24f38ad0ab43805dffe976772cfc4d4de785401f412a339dab08a475c74ba691	0.9988443851470947
dda488cb2711213c3c8f3bd0713eb9da9b60fe1d03aad643bcc7a793a60f463e	0.9956136345863342
e6abda5987be043c0e3e62619aac1f09c40d30a2e24ef8477a2be3db7bf1101f	0.9994878768920898
7a4f30febfe5f43843dd97cacf6ce4a61aac0b3c0686a165f9a51e5817a6e12f	0.9997755289077759
7ddb1887225aee00946390826d738519a1159eb70e02aaf677bce06100390f27	0.9970164895057678
7b54826a9df32b9e7ea21d1bf750bc33d158341e10702584e9231fd5e0e112b8	0.998578667640686
bb58120c04389e30ae895f644606d7aaf34da7468f3a9c76f8291cd48dd25c2d	0.9967142939567566
6042ce935077269896777a088941a42e0194c4d3159ca8f49ba073e4e92c8188	0.999636173248291
f236d6fae6bb0c8f7cb7ddc05d1930ff83440a1250abacf701a094e43f0257b3	0.9989989399909973
917e1ddd9875c3be8867bc7bd936cb26a68ea2faf7da2f0ee99be4060684f91e	0.9993727207183838
6c306d0fcd33015058f4e3e9d144e77caf1379b6f6885d923ae97b7bc5259ad2	0.9975408911705017
58c672e4d174a69a34c11c744d8a0498c667146655f0c5e9c9ac3ab5e99cd9d9	0.9995470643043518
6475f97f6d58603f954f87270a5ecaf23cef5619ac20845622916174ebc558ea	0.9997671246528625
20235fb958bf477116a603baaa3248e7723f6a451d62434bdb2ee3c78c2f4497	0.9996049404144287
61e632d34826601073ba06661647313155dae3b59268cf05a8478d69906c0950	0.9995997548103333
3ba7a99ccd3b8cbc7addece56818d776daaddcb0c442b7223baa523a42fd10c9	0.9996610879898071
6c2cd648fd44bcd08f4ee28e9fefad835f433ccd76085d4fc25bc28bebb9058d	0.9995814561843872
946c2a20fa25f554a16a54e21463259a814de062ac8195d8b1447579cfc3f260	0.9997532367706299
a3c59cdd46efb9909d2a9009610a84136b994eb35fa7114bbb1340d2782e7d3c	0.9982008934020996
22c84efc6c83e8c71f0e3db3c33b293a5b00fd3ecad2bac38f1dfc556c3afdf7	0.999730110168457
7d8f514bcd1dceb9902b65c8e876560fee3159f7ac642672a074fc558f9829f7	0.999756932258606
f07a780075e1f2ef250959a88e647dad2ac644d16c73b634938e39508e653593	0.9996273517608643
bd9b176a0b953da71f9663854babbda83c0cacf591e9994eb984f229cda408b5	0.9996047019958496
3a8bf43c5e59a9b36099e49c71cd05658257f2d2b299225545156e28153fb047	0.993759274482727
ce1e07b0efa8033554065a9912272dbbe254b336236a78fcb7459ac59b880eef	0.9989912509918213
41b3def2b103b9a5d5bcdc9c45d95d99a5fb5dc106cf706700516e749851e912	0.9947658777236938
2579f9ba7acab669612b10a6ca4495321a677366622df4d163062e18bfbc4ab4	0.9981685280799866
ed223654189028a7b9f0c19ccd48e701cd9f3a1ec6b707c00b1ba047451011b6	0.9993420243263245
704f18daf2ee8a4e1f3b8da421e838bce01744a000f125d16876b043b5ef8a13	0.9983571171760559
7d8833061814ee6ec43f0fad110f48b2af873815931afca038ec803976427e6c	0.9983054399490356
f812a71027511f4c4b040906dcb157150adf40c68b748be31f8d7e198520eb1a	0.9995186924934387
8c295249496fe294e48d2fbb8cb1fc6965ebd4611821499aabfb2cb91c4b7e03	0.9996715784072876
32ca3274cfdf40f8bfa662c7f25dd382c0c166a4c17573638712ed8bdb370846	0.9994345903396606
cfb75f46e0c02fe49d4cb57c230a3224063f18447bb64f339cbdffbbf0b283c1	0.9988806247711182
1468d72da4510890867d330e0bd990f670f3eb199a4f567b88231e86eb9572fc	0.999340295791626
23ab4185721835de29f5682e8e2cb82bf75a72afb3bfaf2c387e06cfdd15ccdd	0.9996200799942017
3baedfac4544206f1da1649bed0262cf697b59ef9fcf52c5afd568af27ee9765	0.9996063709259033
7b30e615d4425fd6bf797f5a7c5116f7932801f9816b67960aafe19b3e2b4872	0.9990987181663513
0d42cc5669b32ffe88c71dffb57da33c3c04dea7d87035a8338e9e14d23565dd	0.9997720122337341
55c227f5af9fa417ce6d68c3c79995a692b622726eb2526cd5d02f4a1001d14a	0.9994496703147888
e16d22776aa80dfc7b5a1727fee8fb7f6c49b360f19e5c86f924e5012c5ebb1d	0.998806357383728
3c4ca5c4bc3286e8659797f873dc29e39946f94ab67bbbec4d5782ef639103ad	0.9991064667701721
80ea2a0992dc0847eb145786f2a1ace03c36357e2d23f25edcad89b760c2bc71	0.9988385438919067
d427ab2b20f3892b60533ff218aa7d48d39a8b60ac873fd1496ea443ab686b4a	0.998839259147644
6a0f961ec4a21f0c30e2b8fe6832d6233a5900d8369dd74c7fb10f2b29a492b4	0.9994810223579407
e86073c26ad1ef5e88b80084cf83305133dcbab2f94284cdf2118d12027948a3	0.9988951086997986
222daf3c29d25e23a0a1c71d119e04c5b2a38dda66e7de5771b7e08e91b8ca71	0.999677300453186
8c3b22cb88973913a164bde52a47f041531dabcc068ca6c5555e3cfad6959d4a	0.9981722235679626
40d43e90b5b83cb76ee33428c5ef3b64c144256611ba7795fd9f37d60a590ff0	0.9981718063354492
7fb36e89ff0872a51e1f446c623d8d1a597bedae135fa8b465eafb0ef04797b8	0.9971113204956055
e44d8e63af9aa5107eb7718c195a9e39f3ca820146a241fd243f71d874198ee9	0.998420238494873
bc7d498421711536d34263c10bb09d05e440b6d4b55e1475430a7df18158870c	0.9995720386505127
1f3916d77432bf1a008fa5c7762636e985adace01b3a641816481d549209e47c	0.9995304346084595
34513431a786e194e3f7df35e5ccef38f5caa656b645d320a1dd2147d522c21d	0.9982789158821106
0aa1527bbaa93719ebc4f3e4f9a74391c9257f0691205f6a0000039bd02c8ff3	0.9980673789978027
b146ec6c2f786b80d954c52bad253d78fab6d0983b60c3f42f1e83f204fa8ff6	0.9982633590698242
6b1b4b44ccfa65e1ec06ad72919fc419a76875ba8cf843704ce7e27d7c706891	0.9996741414070129
31cea81e88d3843304b25eb2bbdb73eb9b06a393329c289436a556f52527e87e	0.9994044303894043
1eb8b28baa147cb6fdadf20af1faf79c84f58e55d888069fe56292c7376d061a	0.9996111989021301
8ce4fee1d6ee6e56a725690760d3cf2c3ae55a4687a1f170ad564538d84ae41a	0.9996504783630371
dcdfdaaa6d40c296f87e28e6bf45dc7e7650b0127368fcbeedf01edd13fd3c2c	0.9953787326812744
dd714b76ebf20ca9565bfe28a361b8d682c94d3c64d9953c0c74794334a0342b	0.9976329803466797
2d7c1ecc95bb2be5786d269b44295151330a629ca25313c806f23cdf2d1b5832	0.9992876052856445
803f6e7a99f7fac1c680458f9fc2c8ef06fe768610094003d42534787b5aa7b8	0.9987810254096985
81fa5fadf02e73332c0d7de0961a8e8547e2a2f123b972ef19e13293512ef6b1	0.9996896982192993
4ab6f3d3ccc1878dd33b2baa9445d176d578ee5597a08a7c3567b57e035781a3	0.9997139573097229
d812e9f4ef585bcf556dca69dba3ef1807485a38bcdb885f261b1bb4502e823a	0.9983155727386475
a109c5578b546970f818d7acddc3fae25c81fbcb928373c25bf5c60a12b08790	0.9998248815536499
caa4667ddedc6c6521b133e6fc4743de33ea826e3df0ccc48bbb2d9601ef5d77	0.9987778067588806
ccd06ddd6da64563cd3b0695ef07b3027608cece9b96580d6137076bb383c16e	0.9972056150436401
0d33172d65da5f8a302cbdd64800e08929adcdbe5596b51be67d631aaef238df	0.9995794892311096
8cfd64730960b53315150d50fccd3a08bcd3d0001846907dceb808c9f503014d	0.9997177720069885
c20364b383cfa1b705db01a0fbd04ea80dff74f1bb8ea901c12a36b5d409e959	0.9983970522880554
ce046c83179de65338b42ad387c4b3ed1061cdd19597deb727f44f5ec2888691	0.9987003803253174
165f44e28fe8de93e85d40c0c25968da5d2eeb5e6e1d8a7fc25fedd006d23470	0.999412477016449
6bc7a730f98bd703da6cb2ff59022fa28817c50e4bcc53df580e12973c40572b	0.9981406331062317
d6bae5416fdbc02a68d166062514c7693f9f9a94b747151083fd9cb60d1ca17d	0.9980362057685852
c96b47236e24b58ba3a90d780a0b244829ab528a7391aaed062464cb830cbd86	0.9979755878448486
da5483d1d6225c6d7e7928aac44fde8065a1d71146b789ae57b61380fb982809	0.9993066787719727
5b907f10261a28f6de00f2e75c59813dcc238be4bedd19d5181b8295373f43d0	0.9996510744094849
0ee0caa856dad267ecb8a26011fe12222bcd6c367c6d5249e5a1a6a0183cde4e	0.999652624130249
4cd69c7bafbb387ea54f7c0d65e3535657707b717cff106468d66d8d5806dc8f	0.9998266100883484
5f822d706051f75885b4a3d08e4b3b17683cfa3599e5fb2b82e0347375a6e8bf	0.9988425374031067
1b0127dcc2804975d7cd0343d9f41f5394c4aef80b7258fe24de21f1dc70f757	0.9984363913536072
f6fb40da04fe414de031a77ef8f8be1872c15ae85290c242f44a6d881bd363ff	0.9993810653686523
157e62d0dbf16f334df73a500a1949afa33a9ec156702076b043fca405bc9796	0.9984127879142761
0262ab6867bf71b951ab0ba716cd2a0d7f58d59591bf8179467ea37983dd41c9	0.9989514350891113
1c1221c47ecddac44904721f9cf5fb5fde48e62ec501af0616315bdf1dc6f693	0.999589741230011
fd8926639e328dcdf2fde5a7a33e3c07328d2e1c63001101e1fe099e7e636dab	0.9957771897315979
1307be021f47f4506fa3806a404692adfaa9559084be4ab737aafc70aa853846	0.9995508790016174
d5053a500834f7e1565aeb96e16a5d1cb0659c806a2df9091147a4b11c702ccf	0.9997802972793579
c69dec033446b4d0c2a4edc60230a5bfc7b9ccbb78ba871aa870c49a3a1fad4d	0.9991378784179688
bd0fb246732189ae6cf8109e6228e1dff4a60162c154da97490d4722b3fde5ea	0.9966821074485779
b36533f974c2856ee343415b825861665405e10b5625a64a8e26b8569416846b	0.9998296499252319
df71a576ee05db1fab45d1b1dfe8a0263a59787e6b54cef9d79cf3e0cc618427	0.9984967112541199
411dbae0a0303790a645254afa5f5f7bdaf856e9fcc6de0ffb9adcccb3a6d149	0.9994018077850342
39005a63a438e279de224261717d5d46c35955a16297e0fc6136f322d6cc55ca	0.998472273349762
00cbdc13eb33066efb3e9c9f4b8bcfd84b04204702d29362d5dff4d82a480d08	0.999523937702179
1e45529915d97d9141203e5b0eceff85dd13c5c22e2220f2e5d382112ead7ec7	0.9948098659515381
f4d3b9ba8a49f57d3702d382ee19bab9d15d1be93bbf7eebfde4f151cb8901e4	0.9986444711685181
32e6cda1dd2b251ccf3ce4d3ca3719671580dca34e447829643fafe2dc410d3f	0.9970678091049194
636ba3b4dd42bedc577aedabcd37563caec076919cdf79735bd53c5b2ef42c69	0.9993544816970825
14a2b20adf1682076f40d31e4d82fba8455e5d11f1908716a5503244e02e41e2	0.9993544816970825
11ac917db00cf77a2b2e15ce4437ee83debe24281fb59bbdcaa836bf5a2d7081	0.9996232390403748
73ddb57e96666a42af926f9eb52130b620788ed269123fd1a66a9c9fc333bd77	0.9950355887413025
4b78822c3cdf3f07de2c4356c489695c63949ceea01772eb2294482a028c544a	0.9983639717102051
af8f8e5e233d307c78e0660201543b2533ba809b224025aa219728f023b4fe13	0.9993878602981567
62a3e5a97d0dc5767a080f8f1dbe2c3c146b9f82fc2f8e5d16a19ccda5505fb1	0.998996376991272
057af4dd9074d5cbaf0618e89d419989e4042396ca4ae6eff54dee74f6e48b13	0.9972245097160339
b985b0015beab7422d50a251bca9263d4d7d179dcf566c8931715a606f9f49e9	0.9995384216308594
4de8c8ea6a7e0d345bf6f8d9bdf68287bfd8f828865fa4683c4c2bb0b630160e	0.9995265603065491
bbd8af5d85eb2f1f6f258b191e7abdc82189fbfc85300f692e7f7f610a367ef1	0.9995273947715759
2e5678e6ff82f02da9c8d1d67f3d4ef6c06a780165b265fa576f877d496e1a76	0.9994176030158997
0bce51e7c178f1a6fcc33001bb9d70b2a7e1ae99275299bff4f24e80fc52cea4	0.9992590546607971
5d4e178dbd3c7cef46f29d9ce58fb64f103219e155fb7f7a09fccc3c737fa651	0.9986030459403992
2cb3195484bc45cc5634dbeb4976581e25bb5b929f45fe418124468750574c6f	0.9995406866073608
83c4e95b559944a6f33a2ede6d3e75583e0bba0c6dccda6bdd9345d521022e40	0.9995759725570679
65b7ec54435973c1139749a460984015a170512df3b5f157cb4c276da8654f48	0.9990592002868652
2a606f7feb7a143fa6276a33638429e7f912c11fe2bfde9964d848ceb3cb6f33	0.9995501041412354
c8e2abae94517eff82b40f8934dd55c0a802c251687ebd8c7fdae43bd479dc49	0.9988014101982117
86491473c243ddbea4546a61654448502bd8592de55db7d82a40bc938f29d504	0.9990148544311523
f1d6a134d0b363381647680a11749d392d59bf1110d9395afb49b4b04d616f4e	0.999483585357666
bf4f420ec15c717c6b16999876515533a3b18bf0da509c8876dc091d43473ba9	0.9983055591583252
2034b0104803c1795e8b6717c97c9af7f8280b12412e44155e034ebe41ab48ac	0.9981030821800232
0b321e9b04ae9c04829e56a10e1a518a918e926839ec39197feb055d586513a5	0.9997289776802063
8ab46aee441a9c9572f51846cd4fef7e6d5303582c3caddc238bb9cb7f44c1dc	0.9991286396980286
776de9d4eb9179ce421708a4bac9e609e98670dcfa4779762677b7cf427a87da	0.9994349479675293
c12e5870bbf9b8dda7104ab48dea8393b22b1c7ed279a972f0b66f9394e05e4d	0.9984814524650574
b6a4f983db934776cc380647311860b7504a466792404421dfb01aaedcfa7249	0.9959554672241211
01cc789251baca70577431f2ebc0bda5a1afbe49538c5382f60adff9d25f8c03	0.9988831281661987
30e936a2c972e5748d5ff4f8e9525a289b82a2065ebd4383b328bb7556329d19	0.9986442923545837
5276a38e47854e63474d4b9e9962c563fef75de10bace4f667b71968ca0d18ff	0.9996728897094727
85a8924c339cb3279b0ea40223d8523da1156226758e56636a97e98c5409fbaa	0.9908804893493652
a0c7e60ab840bc8424307353b4a61103b8ad86ea9d0d75af9803cff5e36edfc1	0.9968194365501404
1da3fc9f91a37162c0274081a9fdefe0afcb9c141b6d5b62a494bcc96cd3abfe	0.9953004121780396
713a690bc2e02dbaf32fa78080e6bce0e33957f64ffe550cd62177bb13306d57	0.999815821647644
c7615308f53f671827ebc7a068a556b894504c7c423e838e72d946878e584fdb	0.9987689852714539
3aa1ab056c7f80caaa7d2ba3e05833ea109c9c98ce62e2b083464509e06cc723	0.9985381960868835
c60554bd9c641aee885ba4cfa84a39aee4d7e5485fe3339765da167148157848	0.9993431568145752
4f2c6dd13b357c82e50dac44e9771e511f06fd12e8198a4709fd921418563c80	0.9997054934501648
e55cc1ad91addd02eadc406f7532d2c5ac5e62ade3e7dc904533a88f2c4a7483	0.9996433258056641
3c225e8c91f884a00a55d9dd193bada57933eb648195d93f4108722883bfc851	0.9973213076591492
b54df65bcbeeaf903c30c96ef22ad7b0cabbeaf1ee36a284d33262c947fb5d1f	0.999406099319458
98190ee8ef12248d9525767d01195467eb8ec524460b5ecbd30b5608bebc178c	0.998907208442688
7bb58904ec3b8c74ef77d0e9ba0d46a6716dd19956648dd25955973cf2709ec2	0.9996178150177002
11c21c10e002bbc07522b9b7765910b23ed45cad3728f08ebec972a7bf8f6c99	0.9962869882583618
65a95d6258c864cb5b5c72a16cc30b92bd5b7f6de173bb52cc187a3d325a058d	0.9982949495315552
e9bb6b2a23178fc6febd74473e77af0e5283b0acb52b4a878ed4dbfff8e1b88b	0.9986545443534851
20323a8e0a26137a68483c2df44c5d4cbc2d551568302ccf74a02cbb7e3ba7d8	0.9995868802070618
12b113f91d69defa21e752b5a46774a6a58deda07efb01d98b32e4e1aa114481	0.997841477394104
b36a52cce7e6babc5bf4f4fc645532792f8e6e41bd9c3613141ec61e25eaa446	0.9999338388442993
d291b65439b9a8d56217ccee380b259abc9b01e6577386a4c05001d921820090	0.9989117980003357
38e9e9eb556ae8463a7e444951a7528ed296e53d4f2c79af0ae99ce906894213	0.9995971322059631
90743ab687c2d4fea438615fa91079aa37c69d1938e74451eafecbc17e51b8b0	0.9997199773788452
33978c4a14d5dedef36416fd546d51e9447f39302e62f68ead2ccfade26a6e77	0.9997165203094482
5bcc6479a51db33e6b958a1e5c80dce935fc590765930d813a07c7489d9c4c56	0.9995840787887573
32b37a1bd4abb11f3f4597dbe7c7842d9ada04c7f76db8ae0325e1821dfb9770	0.998454213142395
a7d0bd67c9775b19f102943acaa156868f44d62f6984e030af2f71b74e851d4f	0.9997721910476685
fa83629b4fe3f175d520424604e3912e7b3a84eac66faf839ae8d525d822ada7	0.9996849298477173
c7735b76bdd3d00dd75e45def38071befaee1234ed6e452e29c7d60cb98d1e04	0.9992660284042358
3155ceed7c732b3c89dc8b15ac2bd1a81a962a1d36d40e6c5861f1b96d6876d6	0.9986987709999084
7c2896e542d535dd11bf475d952bfa8247d3281069f3e2f7b0f9a01fb895a465	0.9985511302947998
ed1ed91d1d262ff9cfd316701175b1423ecea1a3299a356c6045adb0f8915a1e	0.9963358044624329
2ec60a97982a31a2740bbb3a45ab6908781a4f3a242ec485ee03a29fca75c43e	0.9992462396621704
4e5d201aafd07f7a67378fe6bac75c0f22792214cca03a5bb2a69182ad74f2ad	0.9993636012077332
b04b826f1701e397cc95051995128ab9fba9689df6325a14b0224e4f76554b6c	0.9996455311775208
e84295db859aa1dbbc3c40e0cb9857ba24c3f3f5b8efddbac17db70c481213ed	0.9985005855560303
d2acf53360c1f2f7dffcc2acf76f93b9696754884b1083804b8fd38ccc4b7dbd	0.9985705018043518
44cd9f5dd12511435191c15ec19432fe525e518f00c87a4ec85ce9bea4d9b053	0.9983236789703369
44988c45570c4a2f59576aef256ad71946591dc902a47b2b6e5e819db47ddde2	0.9961774349212646
1e08f825c025c81d3a73a3b3b58ba27dee3c8e8ff1037d55e29961a4fab21b14	0.9965740442276001
2d81dc9c3c1230eb3d0954efd557a996ec33b2c6d90198cba899e9951a7b7383	0.9973910450935364
0e5cbcf0c666212af5ad61a78c6fa640238bf682e134b8b72bf8abe7c9e740a4	0.9994966387748718
7a9cac1a5e9767e6157e6cf6033e1c8bc6de8d16c291949c2fe86e8c055aeedf	0.9987114667892456
d842d7bc6ffab843b723269b4082a6122ed1a4a3264b2e713060f4521e11be95	0.9969477653503418
470e9b9f18a18b0f106e9efc8d1a2458979894069d575128ac1d4deef403c04a	0.9979434013366699
8007fbe2933144fa90d95cf1276505d1fac71f8a02f7f24537816baa657293d6	1.0000004768371582
6a2788fe8d0ee4adef3fbee42e1a9dfa871740fca0a61e0748e1ca6e9f329a12	0.9976235032081604
eb87ea73acc1cc7694387c03ac3c65a6f921072b7c29f11b80a3c5d5214d3ae4	0.9981048107147217
88740ccf08ebb79c4d7372ee9eac98db4ee8d6a897a65ebc36c84d3a56fbdcec	0.9999953508377075
5848c1769f08614dda301c1c0fdc8541991d74028c4c849546ceed80769fe089	0.9993119835853577
4f57b7af93d99b1299a0367c00f6fece25f625218edd09d9512b60a085a88141	0.9986024498939514
c1a1639219318904ad0a2c7840a2b4740a890a16ea16411952e950a629027b84	0.998613178730011
27b4ab76df9e47a44493de80500c8bd7328eb6ff0484faa1847c0a6236987891	0.9984941482543945
7791241ebc840252473bb5a114bacef2f052d792ff4af00d727b21fc8befdb5e	0.9962939023971558
5f79b9e562a16b539674f09949a80f9bb7f34557c5f03febcabf1b03e57bef5c	0.9976136684417725
5f7be2a57bac415d3c10241189b555c19fb4e1cc0121d42bf87bc926358da0cf	0.9994725584983826
1b08b78d78fd9b1b0d24c093a928543db3b0db4e1ed86eb339510c22382ae388	0.9996050000190735
39d03d109b74aa021cca0e4788c5d7e252f3a9439638f60c3d75735b7be7e934	0.999470055103302
c968f88f8b4d9b2687673a35f70dfc337cc68d2e375586bab0ddd98d963078af	0.997201681137085
907c5669df3591158dff663a75d79f76be4441127337b110a9d1c10ca4f3c72b	0.9958608150482178
876e66332f3e2a4eaa8fe1be9f8c1be2ba6cac2a3d783ab6f6fad32d6d536844	0.995925784111023
dde8fb0cab54d70f634834523f64f6d6d31e8ddbe409025d5d3b793f1cab152c	0.9993866086006165
cfcd00f09f0c7fa4cc1c8e1c2c3d13a175fd0e161736a4b29dc14850c16098e7	0.9993866086006165
1cc935a7fc46e4e97c118f3918ab4e2f7bb5ba28932cf64aabdbade72dc55397	0.9999972581863403
e2a20a09f23eeaa1a8154afc7671313c26dbc4444b87cb62d9c12abd4ff98726	0.9976047873497009
3629899e49926052ee7a9041ee97200456a821397c82c79085f889a3679ab54b	0.9979602694511414
019e9001d3324223d743f5e9b79fc9500a6aff8762b3503705e3228d6b961c18	0.9969538450241089
37cb4980c171cfc4151093eb2163dcef818dd2bfb1c8aea9e4ea03d9ec7fb7b9	0.9979639649391174
9b825898817c720a93efcc56aa94f1d764ad5c66ea85675b3497244814b8c39e	0.9974170327186584
0fdb0d5559e6e768d2e00dfdf0149aa71f3d43c52ba8044c743c00a8393c9561	0.995771050453186
21dec6d4689a297edbb1089997c6393c700e37b0a4eb9d04197a8cf5bd6d0bfe	0.9961351156234741
2e6205f88a9eef52ba7e3ad36f1d39930f2124753cb654e4c0de1093bd13cb0e	0.9920176863670349
3bd789b24a8658f16d633b9aaef28b7df22db4322edab8822eee5035f3bf9991	0.9964407086372375
7841c7e696877311d7776121e19e852e304010cb284a0a0f9e6823af51d51909	0.9991660714149475
2b9cf4a4186a125810f18aed24e6fd4f82727350d04e15c82cd21e9adb008ff3	0.9978327751159668
da892845350cb681b828e60181687239f234aa95c09b545cee1be54321b2705c	0.9983654022216797
485b2e12cf32724f89f5d8f8ddfc99301f7f85768eb97e28b97689ede8ef8351	0.9952841997146606
a4862793642a91ac7f96879a1129c00b23a33f9b35774c0e1a29bd56ecf6787a	0.9987384080886841
03b175582f9bab3dd06fb9fd72223cdf83c7cb007b057bce01386d2021ca21da	0.9983550310134888
4b41246f1177e315e1bf8fbcb29f82c99d738d427a54686bb6fc0233ab50129b	0.9989242553710938
5995ad02d5af534b89a3cb0ad6d22d77f2bbd4720f6d7a47a180847287a7dcd4	0.9987246990203857
13d5687cd397fd5019ece760fcdd06f1843103229bedb89e9a8885429d6f3bf7	0.9996439814567566
2bae8837b8c336402127544969417295a2dcc11bf57f4d970c915bf005ba39b1	0.9980087280273438
7a064c5223e9f31215a8839e845a6a0f9fd3569ecaa72587841b30a84b9e6736	0.9995463490486145
d03ab57966fc52f6c5aabda504190f7a46cecb2a78b40da258a23d514b9b3bed	0.9989811182022095
5eb12c27cd3a92a74a393fe68260031add1c8cfc896b5cf58e86c059d6f66591	0.9985566735267639
724c2c5348a542cc83e0e99782807074bf7bc609d03db82553d72bd4e5780f00	0.9972951412200928
3dc58d7cd0bf1cd3cef7fc03d8b5acbcbbd5aff48d77de4ae8ce5f8b7a8e91b2	0.9932289719581604
22fa735c40cb1a7082bf95611dec68fa27343a5d390f1b7b5ae568ab8daad0da	0.9957576394081116
28214617a3ae5f6bfc36afb3657198d0acbf908f381604bcd2e6f800e166bafa	0.9944915771484375
8b455cab18f1dd730b35ed63d1b209d176c4eb687533f97e71e74fc646c619a9	0.9999446868896484
c4218fe51fa1e547c365d6cb5c7bce3734ca6d2c4caf04baad3647182aa9e46d	0.9988327026367188
a15e731b61b892d4b2f19a2aa569bfb11ad710a15debe6a0412c31ad96b251ba	0.9996479749679565
b392e5e2c3ec7e5dcd632d95e2ad2ac23578cb5a8faa36ef37e669ade41538d2	0.999274492263794
f1ee6155c5b869409d1a7b1239433eb54323e0dbfaaee8d26f10b164b5cb0437	0.9999741315841675
e1c997f030974b9b0ac2fa3f6078728b975521123f7016ea66cf4c3ab8e8e32e	0.9990361928939819
0414751689808774a6edfd18b6ec1f5faf609a47eb80028412d8fd5e35fc95be	0.9999924898147583
ae8e7aa17dbb0f68aa35f91077d0c8976e16b8f5ecc860c33478e8f2b95a2007	0.9985315799713135
e90a9be2402838a839510f2ea88b59af34821679f21ce71a8014cb942ba8958b	0.9988184571266174
f15b9c0c7c8ce1bfadd00ef2f13dd40be0fc3ac2048eee91df807d67e2cbb434	0.9989573955535889
ef72a4fa9b085a9d62002483f865bb0158f80ada873cc02848e81c866c94da85	0.9999924898147583
cd2a06a2b34b003807692fa5ff70bdb6962dff050487310d76e5f4de232f4b98	0.999274492263794
72ca7a66893934dbdf094321bbdd2b0131b53aa84ef4511715f7a08a6fe68449	0.9997623562812805
95a4df63e9eaa54b5aff39ea347324288f3ed4b4c2ee864cd5353c2dd2a338a5	0.998150646686554
49e82c72171178edfff10b529ab72dd45da62193502a0fd952e42979702231de	0.9969369173049927
46355d8d2a9d2fdc2e43394ed4b53101c28f1ea28a05bcdf40811581c6557724	0.9987351298332214
21f66302adccdcde2ab10f1afac892582eff423d39c72dfa8ad07a0f89aeb861	0.9988968372344971
01fb03beda16a381dbcb0735eceac078c7defe0ac8423ea6d718e7bd73858e69	0.9980062246322632
88661e68b4a234cdaa132a0709de878bdcc0588e5862e5f99557e9922b7d7459	0.9991171360015869
fabf2599485aa228bd1dafea4a1f12e4a9f43b494f4ebedb9207fb6819396705	0.9975495338439941
cf98bb4a6f8f7382258aced7e72fb9b7d10b9c822f7965f9e5eb3aa7d8eccb7f	0.994614839553833
2c3349be79c682eb5081dae7015295eadb5823340fe37ebaa082cc1d6f782682	0.9987524151802063
4e67e73c3b9407ab3e276ffcc9c70049339c3cb7c454fa88d9c2399407c43d98	0.9976891875267029
7b6abb6c61295f53526b73fd896c23915e5c69ec56f8c831d9f6e3db81438555	0.9992510676383972
44797741bbad7ae0c761291fc5b62012275bd18f9c8c8ae944fd793c0dae8873	0.9983892440795898
3be74af661484f5eb93039850d52b00bcc8ccd573f394954d568daf026197d9f	0.9984590411186218
e0fca3cde7f84ba82dcbbbc240c70c4275c79c225d50ce7e459de6f8261a22bd	0.9991946220397949
286fc1eeb3c6237090ade55327a05eb3662c55f171707dc01114c40af8440a08	0.9996618032455444
d04357919d1a39cfcd0dfbad0933796d269da629563cd0f19451a549ab078645	0.9996618032455444
7bde1c3f01bbe3df918f70efde4f1794ecb56fa329f76cbe632aa48f16d1ac32	0.998837411403656
6ee3e27d112cc403f90b8b3577392b1375cf5aa5c919c9283edb2e521ae3d4cc	0.9998499751091003
f832a81adaed51d764f437f2aee8e66fe7e657e6c9acd780064c673ac05350dc	0.9997881054878235
dcfb1dc1087919412c32dad4889d74995d9c02f9173fd9b591feb2e3bce6e13c	0.9993712902069092
aa58430691c7432bfc80d2e4bb41107016863de152eb266ad6b4eaa456e2b1ba	0.9993228316307068
f3f8cf3f96e56d57ddca099e5edb5bfe15e332dfff4c9397f976b52ff9786d16	0.9974448680877686
8c41ae7e61c0b23416299fb8b62c30127e1994b34ecb3245e904cc1972e97fd8	0.999340295791626
ef849357dcf15510fd755b7ee4e4b79a9fcf9f0a7f43e691ab13ebadf4af10c3	0.998439610004425
a9d0bcb0e18c39da83681e45c83dcebd44b89d687e4e58cf638d58838b11385c	0.9991552233695984
cc2c9c0c6a09175f0baf40c3a95736db3e138255707d4c4dbbf2b79a7b9cafbc	0.9996262192726135
6ce1ba9ed5314a09a16e9af80c32990e20113ea3615ddffc65317c489945bff7	0.999334454536438
d83f306a106bca310ee4ec88a4df00554d427fd3b550cd940471a54d38857174	0.9978529810905457
6380b61a8019ed755bed28744899fba59ab69f8d105d0a6e6ed23cf932bce024	0.999552309513092
2bd5ec079cae50550ecb3791ff7eaef1fde3c6b3bc27efa2907e5323e8fbee30	0.995754063129425
0e2b140a8a17de1f81f321fec4b4eb9412aa6716625ea437096db6dd9022e8d3	0.9994031190872192
14cd89b1ef79d4b1d6a5c408263ad815b61eb22f4f2d845f81a39bca9961835f	0.9996047019958496
184555774a4bec655ed81d8d46e695a4f7a19417eaef2333a4683beb7e3791a9	0.9985433220863342
de99f122902478b1bc552351ec8f7bcdb79cf20849374ac1d305a2152b8e11d5	0.9988303184509277
93abb34361e65d5f9e17e77ff1ba77ddd2e2388695c84c31ff7c8146246e7556	0.9970722198486328
83e32ba94da3dcdd9aa405079379bc9d443f91fe0d9182661bcedde642836acc	0.9956092834472656
41c2b1df4b759dbb193473a86921565ae67511ef55ef9a59b0ec7a7253757527	0.9974414110183716
1ef2bdf2d532d79670774483fcc77b16bfae71467639c3810d1b4f7f43b26ed3	0.9991597533226013
16abf9f8d8dd1fc7582226776ba72611628a6c1c46894d5b2c009d73297bac64	0.9971134066581726
2da8e959d581e5efcfda4182bb220ace85301c181b6ee21ae228c7300235d907	0.9997764825820923
4fd554d4aafdf3e1b2a263a80df8455874310f7260e607e8c3168fb11158bf83	0.9972647428512573
e423964b3fe4f0d685ea16f4e36d0a13e37cabbad5e028de0c582c8d02ab0498	0.9993510842323303
674ffb37efbb89cdc9071cc0786d5bd04910dc75195f336105cb7f3ca3cda14d	0.9992712736129761
36dd5f473e73188a0d1cf5b1fb6e4e3e9f66e920a82790e16bc7a4885d1efec9	0.99961256980896
a6935f1e0ff3a19e10e06fa9714d09e2606cbc665aa916ca0ad4cedc71d99a92	0.9975749254226685
b04cc145be023dfdf130722fd016062b598e19776943fe9bb1923c8d617a703f	0.9968568682670593
1a3f7c5d3de33f6174c1fd36892a51eacce3106d458336f8bdb5c0dae34b7f11	0.9982112050056458
e3edec8f714d3618a1f2b17823b6296fb14775f581f3e3f60b03b4ac8a08a56a	0.9996040463447571
9e662106695e10bbe07a6ac7031891e2cc4bd30e0700f1226cdaa5182258b7bd	0.998637855052948
ad846baf5a270f1c793babf590b55c82511b54e8bf665735807377c8c28619db	0.9987945556640625
10bc9ec41ae1466ed3e00c256448a3bfd75ba51c1ec39099fa7c4e281c57bdaa	0.9991282820701599
cd18011121367c0c5995679f88b129ef21a62aa6f021b40df5b3db5faf5625bf	0.9997944235801697
bd09354be805df5be93536d1472e6d58a696c847697eba9601b4e44327280498	0.9996401071548462
d2876c92c97eb66304ef32035baf3cc01ebd8f29bfd3ab134315568aa870be4a	0.9998399019241333
e5c018ab4e3f69bab1621097dfb6c67dbc295b8b47b1f354e2eefc7b25380eb7	0.9986211061477661
1cadf62ed7f90ba4909ea7c60c402ac193959a158fa33f53f53310c4154e1081	0.9990918636322021
4e6433ef5fa6cd883988acbd81af7740f90225575c9c40ac4ea5926f4ee45bae	0.9981100559234619
61eb3460d5f172c0c87e576b494ca1850fec9b82286c6cb710fe127fa83ce69d	0.9978843927383423
906689c2fc1b92893132524b3055ed2be785680f39e3ca3b4973c0481d66e53c	0.9978590607643127
26aca478f995c8a9a4af0666cd2526f1243d3e81b958be9b4a7ed0df4af7f780	0.9991756677627563
d1a30b6f58f6a459d6ddd0f86162c4277c8f6ac88d433756849befc172c63512	0.9997580647468567
f5545ac521d4196e85d2a56094932cd545e04b59b6ded8aeb88aa86a82799ab2	0.9988374710083008
06213a857f1ac2342a870730c0a9041e60fd78ada2f4037a8e418ad207402573	0.9992797374725342
c6e8c87487657eedf8199a5d141a5b3dcdbcd05350021f384852e2a29ea07a8f	0.99966961145401
a2034b3ccc518628f6590ae48423e5d3a10266d6605148e6f2d6728d7d838803	0.9988369941711426
dad671e198b5c3cc60922908c0d48f5ff772f2fb6cf56025cb2931643800a9bf	0.9994093179702759
c883ee43ebb8ddd0b7c20ac1fc4adfa08d0272f00573634d704522bb020ae638	0.9991573095321655
c7145d33213cf71c9ccf3e188f928ab7985742d7c65833c718918b8d533947de	0.9998608827590942
b5f12895d314da6555b1481f24d4df86987c30460108f1b10961537b55ffa090	0.9986056685447693
6bbd39d63bd5b71080e5a9b0273fc5904f761a326f59152503a549ee8a557bb2	0.9991363883018494
732610841a670b4ec4c07bf984b59d0287876a0b51726a10c3c026be66fe61cc	0.9993714094161987
5012d6f38b5d3e932840748e8b02c3bf1692398474388a42a887ef52ac736b16	0.9994336366653442
2b48e76e36f4fed7606bf0d782ee260e61a33f3a27a2fc828fa18f2dce505e10	0.998138427734375
36b06e0b99fa06eb65dbd1717e66f55705cbe795ecde98e3384a44f1262e31df	0.9996145367622375
22c733ac7ece32ccb6316bacdaa50b30ce386dc478204a7c5773b61b662f6cce	0.9962442517280579
4e24c3aa5482432e9ab4c064171d072baf9b5baa13b147ad68f8f53e156573c7	0.9991361498832703
757e116a5389e1d4e1a2e12f1944b0fea2ad57078bbb51272171c5df24f6afe3	0.9992726445198059
a967a407f37a4aaefc1e7ba45fedcad15bf9b9229fd11308e70c5fd3c442ef20	0.9954560399055481
55b22a05a3e8f33d13c1dee0f15a729965a2654c0caac131b0f18d9fcd13a6c9	0.9975792169570923
47e8bc5f0a5dc11d3a062320d6041dac4ea94e8f400c09ea48873d7f1098a5ba	0.9981270432472229
bf577623a2e9f6c0685294bc64a6c3621dd1002c94caea5aacf4f1954de30fb5	0.9998010993003845
5e5f792d5c56b6f6686509706dffc6bc55dc3879f9c627157c72c08b4f24fe63	0.9997669458389282
7cf65dd9fbb6fe447a596eb0414f88f9c62a3ff06873f699d94dcdc985fd40bc	0.9970666766166687
9b17446585d2304878a0bcf56553e286f64c806965e5682a9850a66f67139da5	0.9980732202529907
941887465fc93985b6f34d9218a00dd04b1897b945aab9e1be6056a294f79c47	0.9994933009147644
e98ee08c275574b17dcd6dd7962049445da28f5f1a92131a8d42cef9caf1296b	0.9984116554260254
3c5c3f666ab517144d622f32dd3c95b9c19ca4cb397a869373f426d306708cb8	0.9975148439407349
8e3e15981967edd904a4c59059dcef9e927444d34ca2823443caad02d98a0057	0.9976726770401001
b4b87a524c69c099bf400cf8dbab41787d78c9995a9186976c515df06f0e0153	0.9967365264892578
b4c46c0f81a04eaa14a9b41edb77cc917109aa48d6eb17ba147c6ce9cf73d231	0.9952234625816345
e8d1d9a839f61e1ecff4800e087ffe9bb7366b0f87e154d87c8d68af92452aa2	0.9969491958618164
bfa6bcdbfd30c8530b8f1a90fab1dbd96f88f29195e86ffac766d9a82ed952dd	0.9945716857910156
ed683bad6f396a7c7e0b4f2280d626a2ab95a761c5d37c3f523a9bcd2409d324	0.9973841309547424
2f39aebbdaac795d3333bd26ad5c7544520c435e507ae7dbc4f897713317edec	0.9974642395973206
fe68aee4fb5a43c833173d8296852d58833d9c35cbb4e25567c64d855a7cb6ee	0.9999961256980896
359db12950fbcf4b4cf84aa1e221727bac27fffbb3e4794eb0cc0085ecb7aeeb	0.998270571231842
5fe4f272f814bb62393c6061484dfbffd161de311514b439cb3b9b49186d67fd	0.9977695941925049
740ad9c95e8c144bb3e75b65510ec9df932c9ca968a871d6c0ce0656dd10b6b7	0.9985578060150146
109835b94d05166f8e55c3e966cabddb9ce585523c5d69c723ca951ba3963b4d	0.9975452423095703
2eb1673cebbcf11234955987e39ea86d0023430c3e9d0ba63b251c6a547b426b	0.9994639754295349
3e73ff7938f99c63048fd995c9d7c95ca04813fc8f2f882a1332a3fcab807791	0.9997466802597046
0122b5cf1cadd3001a65aa759acab29a06dba48f198f38dac81e2a770f360766	0.9938548803329468
4ba484b861d8481cf94229f2775749548908687e2ab3b643f4f604352d751ba7	0.9951385259628296
52dc83f5de3712a23215945deb7a5379026a7826962e7f549ad658621c4b35f9	0.9928532838821411
b7ddedc503c801095bb56db9b940d23789d485c1f689fb2f4838deb936b990ba	0.9974380731582642
a562959326a9c971a6f71433c8fdd20a2984d30bd8b5024ee563f35d9d463a80	0.993747889995575
422d4e58b287cec687de31ae92531a8841f1a478aca169b990e62d2db2a73873	0.999532163143158
53e05f87eef64595aa59a6b1394e3be0642648fcc0a42dc8d50b23248236f82e	0.9989462494850159
8242b6dcbc76d7c2be6b39aec196e3bca509ac27a363e34a5e23b17676d768e3	0.9990640878677368
42252d4d19f28a9e36c148d53735986f5dd39283f5edc429dee79fe865d3aa37	0.9995208978652954
c0d76bb83440779451207c5e3ce56ddc2e6b8ce73e6e2503f2782d688bbd86a9	0.9993336796760559
592f658c77d67af646823cb9d078adee74b93d29cde82c7d146bed0385119bd0	0.999770998954773
9f3dc5018700de0d775df97ba1d68b91b3eab118e87dc5223dd33fbb9cb6efb1	0.9992215037345886
94abeb0402add5a4067cb89548c6ce9ac746791a91526fbc1539fad27356a32c	0.9951990842819214
a0b46840d9a3eee3026f7fb6e2815308e2cae3ca22fd1d871d25d054ad8c58b2	0.9994021058082581
815b8bf92cb8ae84c86d2405491576376e37afe91bec81a1a51652b346847f35	0.9991182088851929
cb70e2153bb122d81165d2c5400d20cd6b89d0e1d749c532eed85e172bdca492	0.9980186223983765
0b31967a1463707fb77253e0c8cc0195453df8006e56a3b8dbfc4a534c761fe6	0.9986438155174255
dfded4f6fc970d3d28df2747dd0fde56c10e74516d605458cfedd5fffcabfa54	0.9963496327400208
380884165e93c9997fafa0c5137f6cd8957b126dfeab8ccdce529c18e66ec6b0	0.9985595941543579
4bdac3acdb40ecdcc73a943bd0de312dd2be295c0849dd5e81cf4c2bd1bc2fbc	0.9985421895980835
c208adb38d658e4091018cba6bea8e3660403af6d35040443f894ecd67c9d84a	0.9987856149673462
d223c6df2a87c5cf13d0d624a1908eb3a5133c0727082d13db61a06c16b1698a	0.9984955191612244
a510b709fb0d53ebfe5e98d5c8b793afd3758f80966cdccf55ec5eb48dfeac0e	0.9993489980697632
fb7121a404676cf43e907eaabfb098af18557ab9d043e43ecef0481b99d8d8f1	0.998296320438385
0ef40226a4c6f3a19e84ce80c03b04ba2deaaca6d671a5ce36dc8263919d9a0d	0.9966005682945251
d456f1f414621da88ced62ea79e4c6ff7ea98672e836425520c310ba7c1c5afc	0.9993007183074951
e5a629ac66079421164ef26cb056dd149002c0920ef107b96ac4d5135f34bb12	0.9992168545722961
a5fb9493bd59054239740e2f5e6e42ea0c3944359aaa55df7163e0fa31f653e6	0.9991410970687866
975d752225fbbc16729000d001633df694d8c235503bdc6154e5047e4538716d	0.9988296627998352
2c58f36ba008d21434800b3dedae7357c0198a037c80211da2ee123ec8e3d610	0.9994716644287109
0fa75b7f90551f1c13678ac2b287c5bb4d038a231643b649ab0633e2641f414a	0.9996257424354553
68d93eeb3921d644f7de81ac1637fe4408dc6a1a19a8f49287493a50d3498e34	0.9928141832351685
04939adb969671e6c6e0d79d0d983f74788168bad2ac80566a5abcfd04dea271	0.996354877948761
7d2079beec866c78a748dadea1e8e0a78d3f7e1e8947ad732cd70907f84d9723	0.9988583326339722
c27339a85c9d33ddce96bbbc553b90fdf4fabecd0146926c012678c78e2845ad	0.998145580291748
f132c248666cdf619346dc861e1f1b791980b7f78df287d21e7381c5b1f4d974	0.9994646906852722
f28380471b2b99dead59a0dc255d72e51fa2d93f9624d8ba218ca5b9ff21d926	0.999403715133667
cb58116115ce1ebb09e50ca790ade319430fcb6dfc1dd65db4d08944a09c1e6f	0.9988385438919067
d8d5e24349f0833cb33e5387e10e3ed4d35d65f614e0e1bc549fa6c69830371b	0.9971494674682617
78115582c3d5eba725d372535c1f0ad34632ad045d1ffcd77e5debf8e59864be	0.9993613362312317
8464cf89a6ce3d311410c3aeb093564c000690729e1c98e8211a69c4ef2449b3	0.9997237920761108
f189a337db4e25e5c84036522f04eaa7bd82b184728bf88b4576778c77557adc	0.9984153509140015
94970c695f5c992233e8aa010700d081c5e621f7877062240d6b55e1bfc09963	0.998784065246582
6b5df81c89aad31b898cdfbd59053463ef5949d2646c0079f0c62d96dc06eb99	0.9966314435005188
0e5c74fd7154552585123460d933fbfe4d9215f9f12edcf84a611104c3c6c829	0.9983616471290588
85287ad12c06bd68b81849b8a81991b684b214afdff4700bb35b0a1937c064a1	0.998142659664154
e1489867d7b1d0cacf17581129368dbe28c964bd09749ef048bbc58c6b55f503	0.9997719526290894
0f1a6ba42f0dd80efaa1eb360b8bbe1ef5dba94ba8a83c1f36415ef0f8908271	0.999748170375824
4e67539bdce68b4619cba275d9fc884bd597dddcdaebe135eded89f8b00c4767	0.9967172741889954
9825ab8b417fbd33b96c2da84c9a6f2e7a35fca8c05608f04ae1835081bf2fcc	0.9988324046134949
cd37093a739e7090387c515846328150dec0ae329b3cfb9e2829ca203ab3d1fe	0.999626874923706
08a25085cca13f8b4b2e5168fc2f975f06a1417fe01bec4d15853348d7c457e9	0.9965693354606628
2f685b4600cee77b2b92713a975713d865a30ae94f411ffe380a9b0d41073cd2	0.9990513324737549
39f9de028eb27318a793233f6fd72324f69d3a233a14d666b523659004957374	0.9988092184066772
4b4cae19c2c8b436d6cdc729565fa56fd45033765dfadcdafdfdd3f89dbea033	0.999657392501831
6b147de496053b2905fe1b7b98f9cf84bb3a065e85da00945b91978137593f4a	0.9979496002197266
69f698002a075bd31107321ec0e4d2654a051de91c7911052b403a55c59b06de	0.9985030889511108
788b6a5b4bb0ad1e30e7fee2f5d705a160a99d4fba618890a73d756750ecb1a0	0.9990321397781372
047aa89daefc8e1eda8abc4d924ea9c28b2ae42f83a4a444fd1cc2e8c229b2de	0.9962567687034607
4e354a35ae33a7752ce435523016ac9cda2d7d063cb7a0967f222ce8c1a92850	0.9970805048942566
f7b596fc522dfbb73203aaad8f2b51a4a5eff45a962ba27983eb5a444cf20df2	0.994553804397583
4332f3bd637634fedbd36bc680c01867e6d25e61190cabd5dad552bc994db074	0.9934999346733093
40159e6db0e3244cbe7648dd80a9c5972e930c23bb79aec051765c0bbe46c090	0.9982279539108276
7ec247341543b9c05744db938239ed6ddca5539eddafb7a930999fb98d62ed25	1.0000001192092896
f9e1c1663463c9a4aee5b047dbbd635fcb717b6aa6cbf2625d5849a1e8ea3753	0.9961135983467102
f019ed754ff89104be6fe36cf238cf096753b5791b030a0cfbe80f985d54d931	0.9980367422103882
ea739c0b75242f287bcfacd6515ba0160a35daddebf26346b7c48c6b01ceeee4	0.9970734715461731
e69ed88c17562947aa44c5760054382b923245d65b0a391ccf203689616143b3	0.9985290765762329
eb7173d3b8173e00d43451455ffd6a9c67fed6f511495ae2aac494919e66608c	0.9986363053321838
6806e2515f666fc5ab515ddca7147b8e3856f9555b75aacefb71cbcb259b67a8	0.9980652332305908
3a4f2446178f97360b7193bcff07b74c5d9848c1634a16c6c1b6a6320702c12c	0.9983403086662292
a5b986f804c78c53cb798e34d1512543f232f855647bd2e4de1288e63fecd097	0.9990195035934448
eb2c6434225c72b1dd86e4e40731efc329123ba9565ac60f5ef79734f30812e5	0.9964349865913391
52ae6ab410ea0f13b8294780e73aeeebadf6ee1679044cc9e1304ebcaa1d19e2	0.9933967590332031
dd14e10bb860e1be157b0373a47bde743fce6a6d2c5eb8717e4adc9b79205a6e	0.9978849291801453
acca67a13ee1be27d9851f3a59279f490ff48a013779fbd48f6e4f33de0e22af	0.9993183612823486
38b59931a2a8b9439b5f632b07ec062a1fe4b170803eb2d37daeeed331a8e6ff	0.9962250590324402
b87863bbeee600b2aea1bd494adacb8965ef9b087ce7ad782b72a3713507a0b4	0.989251971244812
6bf3930597d46561a4fd264d0c1587153cd3da61dfff57f2f10c679bd5caedf7	0.9944607019424438
7fae3e7826cca8da660e40c882c1c8060f7f0aeec309bdac3779e7c9e3f1bef7	0.9992223381996155
8edfdb3da8bb7aa2e992b049d5950cf49b785834a9f5ac1fb62d0a31e3906574	0.9883614182472229
400ff17b8dbe612e7ad956ceb4911e34b37a4dcfb38c4afa2b6a700988b18d20	0.9980770945549011
491948f7fc3a12d31bc9b58caf26020f8c9d960280102919561f7e824b50b6d8	0.9991433620452881
f735717f298f6c5860a81b8284d26f16f1e2ab1a98ad69be9c254862ce1ead89	0.999328076839447
6c5e1f88c7e8ab88f2b00d808fca2c3bdb94faa3d4b61e0fc65d9c78044f450e	0.9991843104362488
7f55ec876970d975c9b51ea5a4f66f9de92de484216fbf1c84aa66213c33df9d	0.9945083856582642
51617d14e39a8893ca3164ea1a64bd154889214f84ea1ee8e80670b7685106bd	0.9993534684181213
0e2217c21f681f4a200166924c523f2e78533e6ad7ef5b144eea83abe9b3081b	0.9976626038551331
fd4ee48007dc87cde1d9498fe1db8926d3f05f22fa296845b87df8e8496a61d5	0.9971117377281189
01962562847abd0af8cf46bd164d5cd75de0fe638d686e378e2b1d97c08196b1	0.998899519443512
41dade184a370522221558ce9056f9cd6c63a13697458907943ca5ccfcaa99fb	0.9976533055305481
ebd0087d5fa48cbdde3dacce9a4aa5c45a65a8ab5fdd0bba287c0a4bcd3051b5	0.9993541836738586
0d499401e815c5cedcabe2c6348ff6e45cd73498ae81fbf86b9b3f9abae4c440	0.9992836713790894
e8b4c0e70d272725bd8f967dd23572083992c194bb8a168891464e2605325d8a	0.9992398619651794
8a871e67e114dbf5ed68a715ba381aec842c0bdc30114f0528bb73b6a2f8232a	0.9993104338645935
89dabbab6b2877e3524dcc33db27797d690652e0c149ecaf1ea03ce0298bc3da	0.9990529417991638
2e96e78ddf7aacd31d0cb9cf79550f896988e09356ba6639b980f5dbfc2f6fc6	0.9983861446380615
08b8e16279e9782e6a4a7bd208fc7335f1783d213d858a0d6dca64d8b9bbaee7	0.9955086708068848
5909b19dc83b82eb2aaf92dc3a6214d1a7abaf67ab677ffa45d4d51547aa7470	0.9967052340507507
5584e26a8469c9b12687beb51c50eee5c2858547fb6594f114ee7798e0dee210	0.9990534782409668
437cf0854a992840fd4c9fb62a4158e886240d4f8b98fac0e1bfdfaf1de2352b	0.9990551471710205
39fcddf07c2dc7efed4d5e0e4a4cc5a89275cc612bc957c826b6fc5db173cb2e	0.9984606504440308
1cfe4ccf866bcbafbf9724f0707ab1649d72b56b83842519be6882ed1966fde6	0.9986208081245422
4260683a996e2699eb180f0452a95e1b6d32d9cf24cf787169f9bbd1141826a5	0.9993025064468384
633d29b95e12f3bc2c8cc0b1962095cd8a34873c618fed955ae57ba6e8714186	0.998706042766571
1aec9b3b242fe340efa993ac9f56dfb29de71e0204eea993a3c1fdc675b53a69	0.9965623617172241
8688c09a3a54367bd40d7d2c37c9f8fe5fca8d30504eb1c11832e4077cfc95c2	0.9966647028923035
9594d6554481ae705e34c4725b7f3a9b5dba2473d6c5446c3e91c1b9495b2086	0.9970750212669373
21edfd33477b471861d8e12a47bc6d4c07d43fc0c0f14c6b9f79d1da355cd913	0.9991196393966675
f2da54276d9ef93a37ef65f0ebb5421c81e616f83bb20dc7af5172f5372d35a1	0.999517560005188
bd2c4e557eac7db9d6e685638d52a785cfe6f95822eeaef6773354dd9d0a9292	0.9993330240249634
c3aa9b92153743d5014ee38988982b8434bcc5f58a50994aa30cf1469f54efae	0.9996663331985474
ae0841a5028ca115a088ba544b0c998c31f0dffccde8fb7d2f1feabd9be112eb	0.9998351335525513
e4fb1325bcb071f5a774db8b92743bcb276b414ae60286301b54279e7dbc62ac	0.9999998211860657
d83ba3c69843677928fb12d39c5660428de9665e0d686747244fd5fdd7acce58	0.999794602394104
c8c1cf2802345a507cafa5f9277bc7715e27e6f5ca514d8a3739197e9bd2652e	0.9974575042724609
f8c4794e7b76ba7ecbe2312f0f69ad55028682a7159c2d8e7d07dc1b7b4aca4f	0.9987105131149292
5df716e307d5f06d48b6aa70b0cf0b9b811ed1857e953bdeb7a49da7d22866e4	0.9990366697311401
f6c04dba606076d4ea0eb3ba25ee0f8f5731c32471eb7766c08a99aaa2e8b277	1.0000004768371582
d0a3315bf367ddb511d2c6113aaca4eff12c4252dd246d722cd060bd69df5134	0.999072253704071
d4ea19c44908660125ede4809a6c3110286efdb7266b6ebadad5fd2ac405a85d	0.9988126158714294
9062d38b6a074f669afa44ec64b4441ea650ce8d3e767f4653fc8b5dc2be9b24	0.9998463988304138
359ffdedcdaa92fdd1078769806941c36b92c2a95c87c1a3f6cc8e31b9be3c66	0.9953480958938599
1b63ce3a5a6622797fc413f35a01a91ac7893927a6cfa2b950535a654eb5b7f6	0.9960424900054932
ce31e8b539029e2dc3beede5aa87707ad9f0b5c47e70af8a308f1e302adf1d67	0.9996086359024048
d1d8530aae8aad96d93fad0654cc6af426c44042dd02f233bfd7a7ddd42ed729	0.9982276558876038
4384f1f61d40516519945445010d9698991e1744e922ac0b08ca0ae8607be745	0.9981333613395691
91a7ba035ca39cfeb9154d88e1e532fd33ead453e082f654da2d829cba513062	0.9997509121894836
64badf74b7464b95788bbfe901ffa148cfa1fd4987cd23fc8ee71c6489aa2989	0.9988208413124084
486650ad58a4a263ceb59da51d5a7c47cfc25bd00de0e20e425662ba2abdb1da	0.9966843724250793
ae0ba366cfb039b0f037bf1d2bba1433e7f7b1002644108bea1c29f764d71633	0.9992660284042358
d6044096af0493cf06b8b5fdaa8c090bb98ba46af75026c46d7fe4acef4715bb	0.9981637001037598
abef8bbdb02f8ab07272b56fe53b002625da0ae4bfa34e69dc4b1da5a4deb876	0.9992567300796509
646b641af6e7e8bb0ef6865c6eadd1e8ef78bf2568880853d320270397b832ae	0.9994558095932007
cbba7991cfa94c507ede2cb2bb199a5e01fce1daa5edf5f6b5db8897edb43c5f	0.9967423677444458
480c60e2c5ed3870cc48fffaa3eeab709b1f52081a4833c138c395b4cbb19ea3	0.9990798830986023
16263ea850f199f6900a5759a434de00c7a5ca3017e3a30324525b4ad3994668	0.9990679025650024
c7f6ea054cee6cc8d9a60b06d35aef9cd42bdd88a693437a0ac89f6053471e8c	0.9991081953048706
792b0b364fee46669a5dfd73551667dae6b56e32e8ac1ddf6384fda1ad7e5546	0.9985366463661194
fc84ba76637f17f4ecfac4c52b4ab82eeaf13ca8af095c59fa2227771f9b0604	0.9826566576957703
98f67e30b6b6a41df7a7eac767aa60502eaff769e6703cb3d62c8d9fd6d1a78b	0.9995290040969849
db869002022022b69697ecf78a89d331c34bffcd8fb52fc07b44700659c0df84	0.9989157915115356
3e1528260a604687622624746e87cc6db5d3380942e50389e8676526ddf3eb37	0.992649257183075
8c0e045ff3cea333840df32be420f54d7e33790be3b5dff1002ebc1f9e29efd7	0.9990198612213135
d705a68a85a9266d5fa3f276cfe99716ad5ffa8549d42b40d2b3d1a67e01dfa7	0.9978106021881104
f3ddd165be6c15f472cd1126242a82a85acb021f63f4c67648d97d38b969ecbd	0.9962266087532043
21c8d33686776387b6a57d02c12edc885afa97a58e90478063570cdaceda8054	0.913489043712616
b087d688b9146a717bf8b7c99307f8366b8209d8f51c624197bc0c66b921daf9	0.999580979347229
f89dafe339612289160a8f1d9ba0a08c54b28ac43f50f318d074961a836cbb37	0.9999338388442993
4f5efb77d48538e05ffc6495179c6dca5dad4b9f8e548a446cc352988a6595c8	0.9976341724395752
d585322da0d35f9b1699343eb51c65d22f4552cdeb467642740d4a8d61702967	0.9698642492294312
d779b4374acb4b839e77c0be838c885a1ed0c983ad33db52388dbb6094d224f7	0.9984284043312073
5c96784b268127229a3b84d80229020b2df1530f7cdc45bcb4f3616f4dc38e2d	0.9994799494743347
6e39da096ddd7e42cbc59a3231fea278b1b26de1046ee5cf49225261d304715f	0.9888427257537842
7938292d4e15a83a94ab9c7c3292ff6af0f54eea873022615b922a5e5aa2c0cf	0.9985994100570679
11516d2f63fc16aa96349d2b57dcaef36bc2aa9834550c5db709a3f53e37e078	0.9980686902999878
ab234d7a97ced42ff21482facfa4ea396e65d095d0e29b6aae2f02369ca5e9e6	0.9991986751556396
d9bc39103b5e0cdac2e769fc6a956d79a77bd37537d784e4c2c882b830a1635b	0.9988634586334229
f0d23f68212b8d97c21e1637b27b7f19ae32f703094dbb7b4787da81698c43f0	0.9997429847717285
756202a1ca13bf1507e44ab5ee98bac13c461401dcfa56062b2aadeb121264ec	0.9965894222259521
580da836adcd423a199e28b4871ea3d03d3fbbb0b387a425139075e83e899fb5	0.9993970990180969
6d7c881ae00584c93f07d1945127f5f6b5547256da96440784d70a4df2dcbaad	0.9994567632675171
5cf8dc3b6e79a9399c1142ccedaa95fed145d3164eb2a644ac740a44102e407d	0.9984565377235413
e4d56592b6524d625a3352a8cb95b1acdfd8752f25e03db41b3f460d6952edb7	0.9981095790863037
f0e92f3ec29cc8080b45bb2b6f936ebae32c52b7faed9f1252ac903322dbdbaa	0.9980623126029968
