smiles	max_similarity
Brc1ccc(N2CCCNCC2)cn1	0.9354838709677419
C#CCCCOC(=O)[C@@H]1C[C@H](OC(C)=O)C(=O)[C@H]2[C@@]1(C)CC[C@H]1C(=O)O[C@H](c3ccoc3)C[C@]21C	0.7972972972972973
C#C[C@]1(O)CC[C@H]2[C@@H]3CCc4cc(O)ccc4[C@H]3[C@@H](O)C[C@@]21C	0.7254901960784313
C#Cc1c(C2CC2)ccc2nc(Cn3cc(C(=O)NCc4ncn5ccc(Cl)cc45)cn3)cn12	0.8266666666666667
C#Cc1cccc(Nc2nc(NCc3ccccc3OC)nc3ccsc23)c1	0.40298507462686567
C#Cc1nc(N)c2ncn([C@@H]3O[C@H](C(=O)NCC)[C@@H](O)[C@H]3O)c2n1	0.8275862068965517
C/C(=C/C=C/C(C)=C/C(=O)O)c1cc(-c2ccco2)cc(C(C)C)c1OCC(F)F	0.734375
C/C(=C/C=C/C(C)=C/C(=O)O)c1cc(C(C)C)cc(-c2ccccc2)c1OCC(F)F	0.7413793103448276
C/C(=C\c1ccc(C(=O)O)o1)c1cc2c(cc1C)C(C)(C)CCC2(C)C	0.6326530612244898
C/C(=N\OCCCc1ccccc1)c1ccc(C(=O)N2CCC(N)(COP(=O)(O)O)CC2)cc1	0.9016393442622951
C/C(=N\OCc1nc(-c2ccccc2)oc1C)c1ccc(OCC(=O)O)c(C)c1	0.8947368421052632
C/C=C(/C)C(=O)O[C@H]1C(C)=C[C@]23C(=O)[C@@H](C=C(CO)[C@@H](O)[C@]12O)[C@H]1[C@@H](C[C@H]3C)C1(C)C	0.8225806451612904
C/N=C1\S/C(=C\c2cc(C)n(Cc3c(F)cccc3F)c2C)C(=O)N1C	0.8
C=C(C(N)=O)[C@@H](NC(=O)C(=C)[C@@H](NC(=O)[C@@H]1CCCN1C(=O)[C@@H](N)Cc1ccc(O)cc1)c1ccccc1)c1ccccc1	0.8461538461538461
C=C(C(N)=O)[C@@H](NC(=O)[C@H](Cc1c[nH]c2ccccc12)NC(=O)[C@@H]1CCN(C(=O)[C@@H](N)Cc2ccc(O)cc2)C1)c1ccccc1	1.0
C=C(C)[C@@H]1CC[C@]2(C(=O)NO)CC[C@]3(C)C(CC[C@@H]4[C@@]5(C)CC[C@H](O)C(C)(C)[C@@H]5CC[C@]43C)[C@@H]12	0.8392857142857143
C=C(C)[C@@H]1CC[C@]2(C(=O)O)CC[C@]3(C)[C@H](CC[C@@H]4[C@@]5(C)CC[C@H](O)C(C)(C)[C@@H]5CC[C@]43C)[C@@H]12	0.8461538461538461
C=C(C)[C@@H]1CC[C@]2(CNCCc3ccccn3)CC[C@]3(C)[C@H](CC[C@@H]4[C@@]5(C)CC=C(c6ccc(C(=O)O)cc6)C(C)(C)[C@@H]5CC[C@]43C)[C@@H]12	0.7831325301204819
C=C(C)[C@@H]1CC[C@]2(NC(=O)NCC(O)CO)CC[C@]3(C)[C@H](CC[C@@H]4[C@@]5(C)CC[C@H](O)C(C)(C)[C@@H]5CC[C@]43C)[C@@H]12	0.7941176470588235
C=C(C)[C@@]12C[C@@H](C)C34OC(Cc5ccccc5)(OC1[C@@H]3C=C(COC(=O)Cc1cc(Br)cc(Br)c1)C[C@]1(O)C(=O)C(C)=C[C@@H]41)O2	0.8625
C=C(O)CCOCCOCCOCCOCCOCCOCCOCCOCCOCCOCCOCCOCCOc1cc(C(c2ccc(Cl)cc2)c2ccc(Cl)cc2)cc2c(NC3CCN(S(=O)(=O)C(F)(F)F)CC3)ccnc12	0.8933333333333333
C=C1CC[C@@]2(O)[C@H]3Cc4ccc(C(N)=O)c(O)c4[C@@]2(CCN3CC2CCC2)C1	0.8387096774193549
C=CC(=O)N1CCCC[C@H]1c1nc(-c2ccc(C(=O)Nc3cc(F)ccn3)cc2)c2c(N)nccn12	0.9577464788732394
C=CC(=O)N1CCC[C@H]1c1nc(-c2ccc(C(=O)Nc3cc(C#N)ccn3)cc2)c2c(N)nccn12	0.958904109589041
C=CC(=O)N1CCC[C@H]1c1nc(-c2ccc(C(=O)Nc3nccs3)cc2)c2c(N)nccn12	0.7894736842105263
C=CC1Cc2c(ccc3oc(-c4ccc(F)cc4)c(C(=O)NC)c23)O1	0.6333333333333333
C=CCc1c(C#Cc2ccc(CCC(=O)O)cc2)ccnc1Cl	0.7142857142857143
C=CCn1c2c(c3cc(C(=O)N4CCC(C)CC4)ccc31)CN(C1CCCC1)C2	0.8620689655172413
C=C[C@@]1(C)CC(=O)[C@]2(O)[C@@]3(C)[C@@H](O)CCC(C)(C)[C@@H]3[C@H](OC(=O)NCCOC)[C@H](OC(C)=O)[C@@]2(C)O1	0.8923076923076924
C=c1[nH][nH]c(=O)c1=Cc1cn(-c2ccccc2)nc1-c1cccs1	0.7254901960784313
CC#C[C@@H](CC(=O)O)c1ccc(OCc2ccc3scc(-c4ccc(C5=CCS(=O)(=O)CC5)cc4C)c3c2)cc1	0.9210526315789473
CC(/C=C(\NC(=O)c1ccccc1)C(=O)NNC1=c2cc(C)ccc2=NC1=O)=C\c1ccccc1	0.4533333333333333
CC(=O)N1CCC(=O)Nc2ccc([N+](=O)[O-])cc21	0.56
CC(=O)N1CCC(CN(Cc2ccc(Cl)cc2)Cc2ccc([N+](=O)[O-])s2)C1	0.8064516129032258
CC(=O)N1CCN(c2ccc3c(c2)CCN(S(=O)(=O)N(C)Cc2cc(F)ccc2F)C3)CC1	0.8448275862068966
CC(=O)N1Cc2ccccc2C[C@H]1C(=O)N[C@@H](CCCNC(=N)N)C(=O)N[C@H](Cc1ccc(I)cc1)C(=O)N1Cc2ccccc2C[C@H]1C(N)=O	0.9558823529411765
CC(=O)N1N=C(c2cc(F)ccc2F)SC12CCCOc1ccccc12	0.9090909090909091
CC(=O)NC1(c2ccc(Cl)cc2)CCN(Cc2c[nH]c3ccccc23)CC1	0.7068965517241379
CC(=O)NC[C@@H]1CC1c1cccc2oc(CCCCc3ccccc3)cc12	0.3968253968253968
CC(=O)N[C@@H](CCCCNC(=O)C(F)(F)F)C(=O)N1CCC[C@H]1C(=O)N[C@@H](CCCNC(=N)N)C(=O)N[C@@H](CC(C)C)C(=O)N[C@@H](C)C(=O)N[C@@H](C)C(=O)N[C@@H](CCCCN)C(=O)NCC(=O)N1CCC[C@H]1C(=O)N[C@@H](CC(C)C)C(N)=O	0.8902439024390244
CC(=O)N[C@@H](CCCNC(=N)N)C(=O)N[C@@H](CCC(N)=O)C(=O)N[C@H](Cc1ccc(Cl)cc1)C(=O)N1Cc2ccccc2C[C@@H]1C(N)=O	1.0
CC(=O)N[C@@H](CCCNC(=N)N)C(=O)N[C@@H](CCC(N)=O)C(=O)N[C@H](Cc1ccc(I)cc1)C(=O)N1Cc2ccccc2C[C@@H]1C(N)=O	1.0
CC(=O)N[C@@H](CO)C(=O)N(C)[C@@H](C)C(=O)N[C@@H](CCCNC(=N)N)C(=O)N[C@@H](Cc1cnc[nH]1)C(=O)NC(CC1CCCCC1)C(=O)NC(CC1CCCCC1)C(=O)N[C@@H](CC(N)=O)C(=O)N[C@@H](CC(C)C)C(=O)NC(C)(C)C(=O)N[C@H](C(=O)N[C@@H](CCCNC(=N)N)C(=O)N[C@@H](CCC(N)=O)C(=O)N[C@@H](CCCNC(=N)N)C(=O)NC(CC1CCCCC1)C(N)=O)[C@@H](C)O	1.0
CC(=O)Nc1ccc(-c2cnc(-c3ccc(NC(=O)NC(C)C)cc3)s2)c(S(=O)(=O)NC(C)(C)C)c1	0.847457627118644
CC(=O)OC1CC2CC(OC(C)=O)C(C1)N2C	0.7368421052631579
CC(=O)OCOP1(=O)OC[C@@H]2O[C@@H](n3c(N4CCCCC4)nc4c(N)ncnc43)[C@H](O)[C@@H]2O1	0.6785714285714286
CC(=O)O[C@H]1C[C@@H](CO)[C@]2(C)CC[C@H]3C(=O)O[C@H](c4ccoc4)C[C@]3(C)[C@H]2C1=O	0.7910447761194029
CC(=O)Oc1ccc(CSc2nnc(-c3ccccn3)n2Cc2ccco2)cc1	0.7868852459016393
CC(=O)Oc1ccccc1C(=O)O	0.8571428571428571
CC(=O)SCC(=O)c1ccc(NS(=O)(=O)c2ccc3c(c2)CCN3)cc1	0.8461538461538461
CC(=O)[C@H]1CC[C@H]2[C@@H]3CCC4=CC(=O)CC[C@]4(C)[C@H]3CC[C@]12C	0.723404255319149
CC(=O)c1ccc(NC(=O)CCc2nnc3ccc(N4CCC5(CC4)OCCO5)nn23)cc1	0.6428571428571429
CC(=O)c1ccc(Oc2ccc(NC(=O)c3ccc(C(=O)N4CCC(Oc5ccc(C(=O)N(C)C)cc5)CC4)nc3)cn2)cc1	0.8382352941176471
CC(=O)c1ccc(Oc2ccc(NC(=O)c3ccc(C(=O)N4CCC(Oc5ccc(S(=O)(=O)C6CC6)cc5)CC4)nc3)cn2)cc1	0.8732394366197183
CC(=O)n1cc(C=NNC(=O)c2sc(C)nc2C)c2ccccc21	0.6206896551724138
CC(C)(C(=O)NCc1cc(Cl)c(C2CCC(=O)NC2=O)c(Cl)c1)c1cccc(C(N)=O)c1	0.8524590163934426
CC(C)(C)COc1nc(N2CCC(F)(F)C2)c2ncn(Cc3ccccc3C(F)(F)F)c2n1	0.8307692307692308
CC(C)(C)C[C@]1(c2ccc(-n3cnnc3)cc2)NC(=N)N([C@H](COC(=O)NC2(C(F)(F)F)CC2)c2ccc(Cl)c(-n3ncnc3C(F)F)c2)C1=O	0.8723404255319149
CC(C)(C)Cc1nsc2cc(Nc3n[nH]c4ncccc34)ccc12	0.82
CC(C)(C)N1C(=O)[C@H]2[C@@H](c3ccc(Br)cc3)N3C(=O)N(c4ccccc4)C(=O)[C@@]3(Cc3ccccc3)[C@H]2C1=O	0.8813559322033898
CC(C)(C)Nc1nc(N2CC[C@H](O)C2)c2ncn(Cc3ccccc3Cl)c2n1	0.7833333333333333
CC(C)(C)OC(=O)C1CCN(CCc2ccc(NC(=O)OCc3cnco3)cc2)CC1	0.6617647058823529
CC(C)(C)OC(=O)N1CCC(N(C(=O)c2ccc(-c3cnco3)cc2F)C2CC2)CC1	0.7868852459016393
CC(C)(C)OC(=O)c1ccccc1NCC1=NCCN1	0.8
CC(C)(C)Sc1nc(N2CCC(F)(F)C2)c2nnn(Cc3ccccc3Cl)c2n1	0.8225806451612904
CC(C)(C)c1cc(CCCOc2no[n+]([O-])c2S(=O)(=O)c2ccccc2)cc(C(C)(C)C)c1O	0.75
CC(C)(C)c1ccc(C(=O)CSc2nc3ccccc3c(=O)[nH]2)cc1	0.72
CC(C)(C)c1cnc(-n2cc(C(=O)NC3CN4CCC3CC4)ccc2=O)s1	1.0
CC(C)(C)c1nc(-c2cc(N3CCOCC3)c(C3CC3)cn2)no1	0.8367346938775511
CC(C)(C)c1noc(-c2cc(OCC(F)(F)F)c(N3CC(F)(F)C3)cn2)n1	0.7777777777777778
CC(C)(C)n1nnnc1C(c1ccc(Cl)cc1)N(Cc1cccnc1)Cc1ccco1	0.7777777777777778
CC(C)(CC(c1ccccc1)c1ccccc1)NC[C@H](O)c1cc(O)cc2c1OCC(=O)N2	1.0
CC(C)(CNC(=O)c1cc2c(s1)CCCCCC2)CN1CCC(C)(O)CC1	0.8076923076923077
CC(C)(Cc1ccc(Oc2ccc(C(N)=O)cn2)cc1)NC[C@H](O)COc1cccc2c1C(C)(C)C(=O)N2	0.84
CC(C)(F)CNc1ncc2c(-c3ccc4ncccc4c3)ccn2n1	0.7777777777777778
CC(C)(NC(=O)[C@@H]1CNCCO1)c1n[nH]c2c(Cl)cccc12	0.8181818181818182
CC(C)(NC(=O)c1ccc(N2CC(F)(F)C2)c(OCC(F)(F)F)n1)c1nccs1	0.7846153846153846
CC(C)(O)CNC(=O)CC1CN(S(=O)(=O)c2ccc(F)cc2)c2ccc(C(O)(C(F)(F)F)C(F)(F)F)cc2S1	1.0
CC(C)(O)[C@H](F)CNC(=O)c1cnc(-c2ccc3cc(C#N)cnn23)cc1NC12CCC(N3CCC3=O)(CC1)CC2	0.8214285714285714
CC(C)(O)[C@H](F)CNC(=O)c1cnc(-c2ccc3cc(C#N)cnn23)cc1N[C@H]1CC[C@@H](N2CCC(F)(F)C2)CC1	1.0
CC(C)(O)[C@H](F)CNC(=O)c1cnc(-c2ccc3cc(C#N)cnn23)cc1Nc1ccc(-n2cccn2)nc1	0.8589743589743589
CC(C)(O)[C@H](F)CNC(=O)c1cnc(-c2ccc3cc(C#N)cnn23)cc1Nc1cnn([C@@H]2CCOC2)c1	1.0
CC(C)(O)c1ccc(-c2nc3cccc(Cl)c3c(=O)[nH]2)cc1	0.7391304347826086
CC(C)(O)c1ccnc(-c2cccc3cc([C@H](NS(=O)(=O)C4CC4)c4nc(N)c(F)cc4Cl)sc23)c1	0.8
CC(C)(Oc1ccc(CCCOc2nc3ccccc3s2)cc1)C(=O)O	0.8979591836734694
CC(C)CCN(C(=O)Nc1ccc(OC(F)(F)F)cc1)C1Cc2ccc(SC(C)(C)C(=O)O)cc2C1	0.875
CC(C)CCNC(=O)c1ccc(C#Cc2ccccc2)nc1	0.6808510638297872
CC(C)CN(Cc1ccc(-c2ccc(C(N)=O)cc2)cc1)S(=O)(=O)Cc1ccccc1	0.7916666666666666
CC(C)CN1CCN(CC(=O)Nc2cc3cc(-c4cnn(C)c4)ccc3cn2)CC1	0.8214285714285714
CC(C)CNC(=O)c1n[nH]c2ccc(-c3cnn(C)c3)cc12	0.7142857142857143
CC(C)COC(=O)NCCCOC(=O)Nc1ccccc1	0.6326530612244898
CC(C)COc1nn(C)c2cc(Nc3n[nH]c4cccnc34)ccc12	0.8070175438596491
CC(C)C[C@@H](C(=O)N[C@@H](CO)C(=O)N[C@@H](Cc1c[nH]cn1)C(=O)N[C@@H](CCCCN)C(=O)NCC(=O)N1[C@H](C(=O)N[C@@H](Cc2ccc(I)cc2)C(=O)N2CCC[C@H]2C(=O)N[C@H](Cc2ccc(-c3ccccc3)cc2)C(=O)O)C[C@@H]2CCCC[C@@H]21)N(C)C(=O)[C@@H](CCCNC(=N)N)NC(=O)[C@@H]1CCCN1C(=O)[C@H](CCCCNC(=N)N)NC(=O)[C@H](CCC(N)=O)NC(=O)[C@@H](CCCNC(=N)N)NC(=O)[C@H](CCCCNC(=N)N)NC(=O)COCCOCCNC(=O)COCCOCCNC(=O)CC[C@H](NC(=O)CCCCCCCCC(=O)O)C(=O)O	1.0
CC(C)C[C@@H]1CNC(=N)N1C[C@@H]1CCCN1[C@@H](Cc1ccccc1)N1C[C@@H](C(C)C)N(CC23CC4CC(CC(C4)C2)C3)C1=N	0.8918918918918919
CC(C)C[C@H](NC(=O)[C@@H]1CCCN1C(=O)[C@@H]1CSSC[C@@H](NC(=O)[C@@H](N)Cc2ccc(O)cc2)C(=O)NCC(=O)N[C@@H](Cc2ccccc2)C(=O)N1)C(=O)N[C@@H](Cc1c[nH]c2ccccc12)C(=O)NCc1cc(C(F)(F)F)cc(C(F)(F)F)c1	1.0
CC(C)Cc1cc(-c2nc(NC(=O)c3cnc(N4CCC(C(=O)O)CC4)c(Cl)c3)sc2F)ccc1F	0.8026315789473685
CC(C)N(C(=O)Nc1ccc(NC(=O)C(c2ccccc2)N2CCN(C)CC2)c(C(=O)c2ccccc2)c1)C(C)C	0.7931034482758621
CC(C)NC(=O)NC(=O)CSc1nnc(COc2ccccc2F)n1C(C)C1CC2CCC1C2	0.44285714285714284
CC(C)Nc1nc(N[C@H]2CC[C@@H](NC(=O)N(C)C(C)C)CC2)c2cc(-c3cccc(F)c3)ccc2n1	0.7727272727272727
CC(C)OC(=O)N1CCC2(CC1)CC(CCCOc1ccc(S(C)(=O)=O)cc1)C2	0.7586206896551724
CC(C)Oc1ccc(-c2nc(-c3cccc4c3ccn4CCC(=O)O)no2)cc1Cl	0.7681159420289855
CC(C)SCC[C@H]1CCc2cc([C@H]3CC[C@](N)(COP(=O)(O)O)C3)ccc2C1	1.0
CC(C)[C@@H](O)CC[C@@H](C)[C@H]1CC[C@H]2[C@@H]3CC=C4C[C@@H](O)CC[C@]4(C)[C@H]3CC[C@]12C	1.0
CC(C)[C@@H]1CN(c2cccc(S(C)(=O)=O)c2)CCN1C(=O)OC(C)(C)C	0.8214285714285714
CC(C)[C@H](NC(=O)C(F)(F)F)C(=O)N1C[C@H](C(F)(F)F)C[C@H]1C(=O)N[C@H](C#N)C[C@@H]1CCNC1=O	0.8333333333333334
CC(C)c1cc(-c2ccccc2CO)ccc1N1CC[C@@H](NC(=O)Nc2ccc(Cl)cc2F)C1=O	0.7916666666666666
CC(C)c1cc(NC(=O)[C@@H]2CCCCN2C(=O)N2CCS(=O)(=O)CC2)on1	0.7627118644067796
CC(C)c1ccc(N2C(=O)NC(=O)C(=CC=Cc3ccco3)C2=O)cc1	0.78
CC(C)c1ccnc(NC(=O)c2ccc(-c3nc([C@@H]4CCCN4C(=O)/C=C/CN(C)C)n4ccnc(N)c34)cc2)c1	0.8452380952380952
CC(C)c1nc(C(=O)NC[C@@H]2[C@H]3CN(CC(C)(C)F)C[C@@H]23)c2ccccn12	0.8448275862068966
CC(C)c1onc(CNc2c(Cl)cccc2Cl)c1COc1ccc(/C=C/c2cccc(C(=O)O)c2)c(Cl)c1	0.8985507246376812
CC(C)n1c(=O)ccc2c1ccn2-c1c(Cl)cc(-n2nc(C#N)c(=O)[nH]c2=O)cc1Cl	0.8392857142857143
CC(C)n1nnc(-c2o[nH]c(=O)c2CC(N)C(=O)O)n1	0.7708333333333334
CC(C)n1nnc2cc(-c3nc(-c4ccccc4F)co3)ccc21	0.7843137254901961
CC(C=CC=Cc1ccccc1)=NNC(=O)CNc1ccccc1C	0.47540983606557374
CC(CO)N=C(N)c1c(Nc2ccc(Oc3cc(F)ccc3Cl)cc2)s[nH]c1=O	0.875
CC(NC(=O)Nc1ccc(Cl)c(Cl)c1)C(c1ccccc1)N1CCOCC1	0.6842105263157895
CC(Oc1ccccc1CN=O)C1=NCCN1	0.7674418604651163
CC(c1ccc(C(F)F)cc1)N(c1ncnc(NCC2CCN(CC(N)=O)CC2)c1F)C1CC1	0.7647058823529411
CC1(C(=O)N2CCC[C@@H](n3nc(-c4ccc(C(=O)Nc5cc(C(F)(F)F)ccn5)cc4)c4c(N)ncnc43)C2)COC1	0.8780487804878049
CC1(C)CCC(C)(C)c2cc(C3CCCc4oc(/C=C/C(=O)O)cc43)ccc21	0.7321428571428571
CC1(C)CCN(c2cnc(C#Cc3cccc(F)c3)cn2)C(=O)N1	0.7843137254901961
CC1(C)CSC(NCc2ccccc2)=N1	0.4090909090909091
CC1(C)Cc2c(C#N)c(NCC3CCCO3)nc(-c3ccco3)c2CO1	0.6875
CC1(C)Cc2cc(F)cc(-c3cc(F)c(SCCCC(=O)O)c(F)c3)c2N1	0.7017543859649122
CC1(C)OC(=S)Nc2ccc(-c3coc(C#N)c3)cc21	0.6739130434782609
CC1(CCc2ccccc2O)NC(=O)N(NC(=O)Nc2ccc(Br)cc2)C1=O	0.8148148148148148
CC1(CCc2ccccc2O)NC(=O)N(NC(=O)Nc2ccc(Br)cc2F)C1=O	0.7666666666666667
CC1=C(C(=O)Nc2ccccc2C)C(/C=C/c2ccccc2)C2=C(CCCC2=O)N1	0.6724137931034483
CC1=C(CCN(C)C)c2cc(NS(=O)(=O)c3c(Cl)nc4sccn34)ccc2C1	0.7246376811594203
CC1=CC[C@@H]2C[C@H]1[C@H](c1ccc(O)cc1)OC2(C)C	0.7209302325581395
CC1=NN(c2cc(Cl)c(OC3=NCC(=O)C(Cc4ccccc4)=C3)c(Cl)c2)C(=O)CC1=O	0.7903225806451613
CC1CCCN(c2nc(C(F)(F)F)nc3ccccc23)C1	0.6904761904761905
CC1CN(c2ccc(NS(=O)(=O)c3ccccc3)cc2C(=O)O)CC(C)O1	0.4745762711864407
CC1Cc2ccccc2N1C(=O)CSc1nnnn1Cc1ccccc1	0.59375
CC1OC(c2ccc(Cl)cc2)=NC1CN1CCC(C(=O)NCCCN2C[C@H](C)C[C@H](C)C2)CC1	0.8709677419354839
CC1Oc2cc(O)ccc2N=C1c1ccc(O)cc1	0.6666666666666666
CC1c2cc(Cl)ccc2C(=O)N1c1cncc(NC2CN(C(=O)c3ncccc3Cl)C2)c1	1.0
CCC(=O)/N=c1\c2c3c(ccc2cc2n1CCc1cc4c(cc1-2)OCO4)OCO3	0.8620689655172413
CCC(=O)N(Cc1ccccc1)C1(C(=O)Nc2ccc(OC)cc2)CCN(CCc2ccccc2)CC1	0.9016393442622951
CCC(=O)N(c1ccccc1)C1CCN(C(=O)[C@H](Cc2ccc(F)cc2)NC(=O)[C@H]2Cc3ccccc3CN2C(=O)[C@@H](N)Cc2c(C)cc(O)cc2C)CC1	0.9125
CCC(=O)N(c1ccccc1)C1CCN(C(=O)[C@H](Cc2ccccc2)NC(=O)CNC(=O)[C@@H](C)NC(=O)[C@@H](N)Cc2ccc(O)cc2)CC1	0.84
CCC(=O)NCCCc1cc(OC)ccc1CCc1cccc(OC)c1	0.8333333333333334
CCC(=O)Nc1ccc2oc(-c3ccccc3Br)nc2c1	0.7872340425531915
CCC(C(=O)O)C1CCc2cc(OCCNC(=O)c3ccccc3)ccc21	0.6875
CCC(C(=O)O)C1CCc2cc(OCCc3nc(-c4cccc(OC)c4)oc3C)ccc21	0.8769230769230769
CCC(C(=O)O)C1CCc2cc(OCc3nc(-c4ccccc4)oc3C)ccc21	0.8548387096774194
CCC(C)(C)n1nnnc1C(c1ccc(O)c(OC)c1)N1CCN(c2nc3ccccc3s2)CC1	0.8656716417910447
CCC(C)NC(=O)c1c(N)n(CC2CCCO2)c2nc3ccccc3nc12	0.734375
CCC(C)[C@@H](N)C(=O)NN=Cc1cccc2nccnc12	0.41935483870967744
CCC(CC)(NC(=O)c1ccc(C2CC2)c(-c2cccc(Cl)c2)n1)C(=O)NC	0.7818181818181819
CCC(CC)COC(=O)[C@@H](C)NP(=O)(OC[C@@]1(F)O[C@@](C#N)(c2ccc3c(N)ncnn23)[C@H](O)[C@@H]1O)Oc1ccccc1	0.8352941176470589
CCC(Cc1ccc(CCc2ccc(N3C(=O)c4ccccc4C3=O)cc2)cc1)C(=O)O	0.7755102040816326
CCC(Cc1ccc(OC)c(CNC(=O)c2ccc(F)c(C(F)(F)F)c2)c1)C(=O)O	0.864406779661017
CCC(Sc1nc(Cl)cc(Nc2cccc(C)c2C)n1)C(=O)O	0.8490566037735849
CCC1CN(Cc2cc(C(CC(=O)O)c3ccc(C#N)cc3C)ccc2C)S(=O)(=O)c2cccnc2O1	0.7922077922077922
CCC1SCCN1C(=O)c1ccc2nc(-c3ccc(CN4CC(C(=O)O)C4)cc3F)sc2c1	0.8405797101449275
CCCC(=O)N[C@H](C(=O)N(C)[C@@H](CC(C)C)C(=O)N[C@@H](CC(C)C)C(=O)N1CCC[C@H]1C(=O)N(C)[C@@H](C(=O)N[C@H](C(=O)NCC(=O)N(C)[C@H](Cc1ccccc1)C(=O)N1CCC[C@H]1C(=O)OC)[C@@H](C)CC)C(C)C)C(C)C	0.6078431372549019
CCCC(CCC)NC(=O)/C=C/c1cccs1	0.6170212765957447
CCCC(NC(=O)c1cc2cc(OC)ccc2o1)C(C)C	0.8297872340425532
CCCC1Nc2ccc(C(=O)O)cc2C2C=CCC12	0.6481481481481481
CCCCC(NC(=O)[C@H](CCC(=O)O)NC(=O)[C@H](CC(=O)O)NC(=O)[C@H](CO)NC(=O)[C@H](Cc1ccccc1)NC(=O)[C@H](CO)NC(=O)CNC(=O)[C@H](CC(=O)O)NC(=O)CNC(=O)[C@@H](N)Cc1cnc[nH]1)C(=O)N[C@@H](CC(N)=O)C(=O)N[C@@H](C(=O)N[C@H](C(=O)N[C@@H](CC(C)C)C(=O)N[C@@H](CC(=O)O)C(=O)N[C@@H](CC(N)=O)C(=O)N[C@@H](CC(C)C)C(=O)N[C@@H](C)C(=O)N[C@@H](C)C(=O)N[C@@H](CCCNC(=N)N)C(=O)N[C@@H](CC(=O)O)C(=O)N[C@@H](Cc1ccccc1)C(=O)N[C@H](C(=O)N[C@@H](CC(N)=O)C(=O)N[C@@H](Cc1c[nH]c2ccccc12)C(=O)N[C@@H](CC(C)C)C(=O)N[C@H](C(=O)N[C@@H](CCC(N)=O)C(=O)N[C@H](C(=O)N[C@@H](CCCCN)C(N)=O)[C@@H](C)O)[C@@H](C)CC)[C@@H](C)CC)[C@@H](C)CC)[C@H](C)O	1.0
CCCCC(NC(=O)[C@H](CCC(=O)O)NC(=O)[C@H](CC(=O)O)NC(=O)[C@H](CO)NC(=O)[C@H](Cc1ccccc1)NC(=O)[C@H](CO)NC(=O)CNC(=O)[C@H](CC(=O)O)NC(=O)CNC(=O)[C@@H](N)Cc1cnc[nH]1)C(=O)N[C@H](Cc1cccc(Cl)c1)C(=O)N[C@H](C(=O)N[C@H](C(=O)N[C@@H](CC(C)C)C(=O)N[C@@H](CC(=O)O)C(=O)N[C@@H](CC(C)C)C(=O)N[C@@H](CC(C)C)C(=O)N[C@@H](C)C(=O)N[C@@H](C)C(=O)N[C@@H](CCCNC(=N)N)C(=O)N[C@@H](CC(=O)O)C(=O)N[C@@H](Cc1ccccc1)C(=O)N[C@H](C(=O)N[C@@H](CC(N)=O)C(=O)N[C@@H](Cc1c[nH]c2ccccc12)C(=O)N[C@@H](CC(C)C)C(=O)N[C@H](C(=O)N[C@@H](CCC(N)=O)C(=O)N[C@H](C(=O)N[C@@H](CCCCN)C(=O)N[C@H](C(=O)N[C@H](C(=O)N[C@@H](CC(=O)O)C(N)=O)[C@@H](C)O)[C@@H](C)CC)[C@@H](C)O)[C@@H](C)CC)[C@@H](C)CC)[C@@H](C)CC)[C@@H](C)O	1.0
CCCCC(NC(=O)[C@H](Cc1ccccc1)NC(=O)CNC(=O)[C@@H](C)NC(=O)[C@@H](N)Cc1ccc(O)cc1)C(=O)N[C@@H](Cc1c[nH]c2ccccc12)C(=O)OCc1cc(C(F)(F)F)cc(C(F)(F)F)c1	0.9024390243902439
CCCCC1([C@H](O)/C=C/[C@H]2COC(=O)N2CCSc2nc(C(=O)O)cs2)CCC1	0.8695652173913043
CCCCCCC(Sc1nc2ccc(NS(=O)(=O)c3ccc(-c4ccccc4)cc3)cc2s1)C(=O)O	0.8307692307692308
CCCCCCCC/C=C\CCCCCCCC(=O)OC[C@@H](O)COP(=O)(O)O[C@H](C)[C@H](N)C(=O)O	1.0
CCCCCCCC/C=C\CCCCCCCC(=O)n1c2ccccc2c2ccc(OCC(=O)O)cc21	1.0
CCCCCCCCC1=NCCc2c1[nH]c1ccccc21	0.4117647058823529
CCCCCCCCCCCCCC(=O)O[C@H](CCCCCCCCCCC)CC(=O)N[C@H]1[C@H](OC[C@H]2O[C@H](O)[C@H](NC(=O)C[C@H](O)CCCCCCCCCCC)[C@@H](OC(=O)C[C@H](O)CCCCCCCCCCC)[C@@H]2O)O[C@H](CO)[C@@H](OP(=O)([O-])O)[C@@H]1OC(=O)C[C@@H](CCCCCCCCCCC)OC(=O)CCCCCCCCCCCCC	0.6222222222222222
CCCCCCCCCCCCCCCC(=O)NCCCCCCNC(=O)C1CCCCNC(=O)CCN2C(=O)CC(SC[C@H](NC(=O)[C@H](CCCCN)NC(=O)[C@H](C)NC(=O)[C@H](C)NC(=O)[C@H](CCC(=O)O)NC(=O)[C@H](CCC(=O)O)NC(=O)[C@H](CCC(=O)O)NC(=O)[C@H](CC(C)C)NC(=O)[C@H](Cc3ccc(O)cc3)NC(=O)[C@H](CCC(=O)O)NC(=O)[C@@H](NC(=O)[C@@H](NC(=O)[C@H](CC(=O)O)NC(=O)[C@H](CC(N)=O)NC(=O)[C@@H](NC(=O)[C@H](Cc3ccc(O)cc3)NC(=O)[C@@H](NC(=O)CNC(=O)[C@H](CCC(=O)O)NC(=O)C(C)(C)NC(=O)[C@@H](N)Cc3c[nH]cn3)[C@@H](C)O)[C@@H](C)O)C(C)C)[C@@H](C)O)C(=O)N[C@@H](Cc3ccccc3)C(=O)N[C@@H]([C@@H](C)CC)C(=O)N[C@@H](CCC(=O)O)C(=O)N[C@@H](Cc3c[nH]c4ccccc34)C(=O)N[C@@H](CC(C)C)C(=O)N[C@@H]([C@@H](C)CC)C(=O)N[C@H](C(=O)NCC(=O)N[C@@H](CCCCN)C(=O)N3CCC[C@H]3C(=O)N[C@@H](CO)C(=O)N[C@@H](CO)C(=O)NCC(=O)N[C@@H](C)C(=O)N3CCC[C@H]3C(=O)N3CCC[C@H]3C(=O)N3CCC[C@H]3C(=O)N[C@@H](CO)C(=O)NCCOCCOCC(=O)NCCOCCOCC(=O)N[C@@H](Cc3ccc(O)cc3)C(=O)NCC(=O)N[C@@H](Cc3c[nH]c4ccccc34)C(=O)N[C@@H](CC(C)C)C(=O)N[C@@H](CC(=O)O)C(=O)N[C@@H](Cc3ccccc3)C(N)=O)CSC3CC(=O)N(CCC(=O)N1)C3=O)C2=O	0.9629629629629629
CCCCCCCCCCCCCCCC(=O)OC[C@H](CSC[C@H](N)C(=O)N[C@@H](CO)C(=O)OC)OC(=O)CCCCCCCCCCCCCCC	1.0
CCCCCCCCCCCCCCCCN1C=CC(=C[NH+]=O)C=C1	0.3333333333333333
CCCCCCCCCCCCCCCCN1CCN(CC(=O)NCC(=O)N[C@@H](Cc2ccc(O)cc2)C(=O)N[C@@H](Cc2ccc3ccccc3c2)C(=O)N[C@@H](CC(C)C)C(=O)N[C@@H](Cc2ccccc2)C(=O)N[C@@H](CCCNC(=N)N)C(=O)N2CCC[C@H]2C(=O)N[C@@H](CCCNC(=N)N)C(=O)N[C@@H](CC(N)=O)C(=O)O)CC1	0.9509803921568627
CCCCCCCCCCCCCCCOc1ccc(CCC(=O)OC[C@@H](O)COP(=O)(O)OC[C@H](N)C(=O)O)cc1	1.0
CCCCCCCCN(C)/C(S)=N/Cc1ccc(O)c(OC)c1	0.7142857142857143
CCCCCCCCNC(=O)c1coc([C@@H]2CCCN2Cc2cc(F)ccc2CCC(=O)NS(=O)(=O)C(F)(F)F)n1	0.8518518518518519
CCCCCCCCNC1c2ccccc2N(C)S(=O)(=O)c2cc(C)ccc21	0.7959183673469388
CCCCCCc1nc(N)c2ncn([C@@H]3O[C@H](C(=O)NCC)[C@@H](O)[C@H]3O)c2n1	0.7164179104477612
CCCCCc1cc(O)c2c(c1)OC(C)(C)c1ccc(C)cc1-2	0.8372093023255814
CCCCCc1nc(=O)c(S(=O)(=O)c2ccc(-c3ccnc(F)c3C)cc2)c(O)n1[C@@H](CO)c1ccccc1	0.8243243243243243
CCCCCc1nc(=O)c(S(=O)(=O)c2ccc(-c3ccncc3C)cc2)c(O)n1[C@@H](CO)c1ccccc1	0.8676470588235294
CCCCCn1c(=O)n(CC(=O)NC2CCCCC2)c(=O)c2c(Cl)cccc21	0.8070175438596491
CCCCN(C(=O)c1ccc([N+](=O)[O-])s1)c1c(N)n(CCCC)c(=O)[nH]c1=O	0.5428571428571428
CCCCN(CC(=O)N[C@@H](CC(C)C)C(=O)NCC(N)=O)C(=O)[C@@H]1CCSCCC(=O)N[C@@H](Cc2ccccc2)C(=O)N[C@@H]([C@@H](C)CC)C(=O)N[C@@H](CCC(N)=O)C(=O)N[C@@H](CC(N)=O)C(=O)N1	0.967032967032967
CCCCNc1cc(C)nc(NCc2ccccc2)n1	0.6222222222222222
CCCCOC[C@@H]1COc2cc([C@@H]3CC[C@](N)(COP(=O)(O)O)C3)ccc2O1	1.0
CCCCOC[C@H]1CCc2cc([C@H]3CC[C@](N)(COP(=O)(O)O)C3)ccc2C1	1.0
CCCCOc1nc(N)c2nc(O)n(Cc3ccc(Oc4ccc(CNCC(C)C)cc4)c(F)c3)c2n1	0.8970588235294118
CCCCOc1nc(N)c2nc(O)n(Cc3cnc(CNCCN)cn3)c2n1	0.9056603773584906
CCCC[C@@H]1NC(=O)[C@@H]2CSC/C(=N/OCC(=O)NCCOCCOCCOCCN=[N+]=[N-])CSC[C@H](NC(=O)[C@H](CCCNC(=N)N)NC(=O)[C@H](CC(=O)O)NC(=O)[C@H](Cc3c[nH]c4ccccc34)NC(=O)[C@H](CCCNC(=N)N)NC(=O)[C@H](Cc3ccccc3)NC(=O)[C@H](Cc3cnc[nH]3)NC(=O)CNC1=O)C(=O)N[C@@H](Cc1cnc[nH]1)C(=O)N[C@@H](Cc1ccccc1)C(=O)N[C@@H](CCCNC(=N)N)C(=O)N[C@@H](Cc1c[nH]c3ccccc13)C(=O)N[C@@H](CCCNC(=N)N)C(=O)N2	0.7394957983193278
CCCC[C@H](NC(=O)[C@@H](NC(=O)[C@@H](N)Cc1ccc(O)cc1)C(C)C)C(=O)NCC(=O)N[C@@H](Cc1cnc[nH]1)C(=O)N[C@@H](Cc1ccccc1)C(=O)N[C@@H](CCCNC(=N)N)C(=O)N[C@@H](Cc1c[nH]c2ccccc12)C(=O)N[C@@H](CC(=O)O)C(=O)N[C@@H](CCCNC(=N)N)C(=O)N[C@@H](Cc1ccccc1)C(=O)NCC(=O)O	0.9484536082474226
CCCC[C@H](NC(=O)[C@H](Cc1ccc(OS(=O)(=O)O)cc1)NC(=O)[C@H](CC(=O)O)NC(=O)COCCOCCNC(=O)COCCOCCNC(=O)CC[C@H](NC(=O)CCCCCCCCCCCCCCCCC(=O)O)C(=O)O)C(=O)NCC(=O)N[C@@H](Cc1c[nH]c2ccccc12)C(=O)N[C@@H](CCCC)C(=O)N(C)[C@@H](CC(=O)O)C(=O)N[C@@H](Cc1cccc2ccccc12)C(N)=O	1.0
CCCC[C@H](NC(=O)[C@H](Cc1ccc(OS(=O)(=O)O)cc1)NC(=O)[C@H](CC(=O)O)NC(C)=O)C(=O)NCC(=O)N[C@@H](Cc1c[nH]c2ccccc12)C(=O)N[C@@H](CCCC)C(=O)N(C)[C@@H](CC(=O)O)C(=O)N[C@@H](Cc1ccccc1)C(N)=O	0.9340659340659341
CCCC[C@H](NC(=O)[C@H](Cc1ccccc1)NC(=O)CNC(=O)[C@@H](C)NC(=O)[C@@H](N)Cc1c(C)cc(O)cc1C)C(=O)N1CCC[C@H]1C(=O)N[C@@H](CC(C)C)C(=O)N[C@@H](Cc1c[nH]c2ccccc12)C(=O)NCc1cccc(C(F)(F)F)c1	0.9357798165137615
CCCC[C@H](NC(C)=O)C(=O)NCC(=O)N(CCCCN)CC(=O)N[C@@H](Cc1ccccc1)C(=O)N(CCCN=C(N)N)CC(=O)N[C@@H](Cc1c[nH]c2ccccc12)C(=O)NCC(N)=O	0.8901098901098901
CCCC[C@H](NC(C)=O)C(=O)N[C@H]1CC(=O)NCCCC[C@@H](C(N)=O)NC(=O)[C@H](C)NC(=O)[C@H](Cc2c[nH]c3ccccc23)NC(=O)[C@H](CCCN=C(N)N)NC(=O)[C@@H](Cc2ccccc2)NC(=O)[C@H](Cc2c[nH]cn2)NC1=O	0.8347826086956521
CCCC[C@H](NC(C)=O)C(=O)N[C@H]1CC(=O)NCCCC[C@@H](C(N)=O)NC(=O)[C@H](Cc2c[nH]c3ccccc23)NC(=O)[C@H](CCCNC(=N)N)NC(=O)[C@@H](Cc2ccc3ccccc3c2)NC(=O)[C@H](Cc2c[nH]cn2)NC1=O	1.0
CCCCc1c(-c2ccccc2OC)ncn1CCc1cccc(F)c1	0.45161290322580644
CCCCc1cc(-c2nc(-c3cc(C)c(OC[C@@H](O)CNC(=O)CO)c(CC)c3)no2)ccn1	0.9104477611940298
CCCCc1ccc(CN(CCc2ccc(CC(=O)O)cc2)S(C)(=O)=O)cc1	0.7272727272727273
CCCCc1ccc(NC(=O)N2CCCN(C(=O)CCC3CCCC3)CC2)cc1	0.9583333333333334
CCCCc1nc(O)c(-c2nnc(CC(=O)OC(C)(C)C)o2)c(O)c1-c1c(OC)cccc1OC	0.8064516129032258
CCCCc1nc(O)c(-c2nnc(Cc3ccccc3)o2)c(O)c1-c1c(OC)cc(C)cc1OC	0.819672131147541
CCCCn1cnc2sc(-c3ccccc3)cc2c1=O	0.7727272727272727
CCCN(CCC)C1CCc2cccc(O)c2C1	0.8947368421052632
CCCN(OCC)C(=O)C1=Cc2ccc(-c3ccc(C(=O)N4CCC(NC(=O)OC(C)(C)C)C4)cc3)cc2N=C(N)C1	0.782051282051282
CCCN1C(=O)/C(=C/c2ccc(N3CCCC3)c(C)c2)NC1=S	0.5925925925925926
CCCN1CCC[C@@H]2Cc3c(ccc(O)c3O[C@@H]3O[C@H](C(=O)O)[C@@H](O)[C@H](O)[C@H]3O)C[C@H]21	0.8
CCCNC(=O)Nc1cc(=O)n(-c2ccc(OC(F)(F)F)cc2)cc1-c1ccc(F)cc1	0.7796610169491526
CCCOc1ccc(C[C@H](CC2CCCCC2)C(=O)O)cc1CNC(=O)c1ccc(C23CC4CC(CC(C4)C2)C3)cc1	1.0
CCCS(=O)(=O)NC(=O)CCc1cc(OC(C)C)nn1Cc1ccc(Cl)cc1Cl	0.9180327868852459
CCC[C@H](O)[C@@H](C)[C@H]1CC[C@H]2[C@@H]3CC=C4C[C@](O)(CC)CC[C@]4(C)[C@H]3CC[C@]12C	0.8771929824561403
CCCc1[nH]nc2c1C(c1ccc(Br)s1)C(C#N)C(=N)O2	0.6545454545454545
CCCc1c(OCCCCCOc2cccc3c2ccn3CC(=O)O)ccc2c(C(F)(F)F)noc12	0.9836065573770492
CCCc1c(OCCCCOc2ccc(-c3nnn[nH]3)cc2)ccc2c(CC(C)(C)C)noc12	0.6231884057971014
CCCc1c(OCCCn2ccc3cc(OC(C)(C)C(=O)O)ccc32)ccc2cc(C(=O)c3ccc(F)cc3)ccc12	0.9
CCCc1cc(C(O)(C(F)(F)F)C(F)(F)F)cc(CCC)c1OCCCCN1C(=O)NC(C)(c2ccc3c(c2)OCO3)C1=O	0.921875
CCCc1cc(C(O)(C(F)(F)F)C(F)(F)F)ccc1Oc1ccc(CCN2C(=O)NC(C)(c3ccc(OC(C)C)cc3)C2=O)c(OC)c1	0.8493150684931506
CCCc1ccnc(NC(=O)c2ccc(-c3nc([C@@H]4CCCCN4C(=O)/C=C/COC)n4ccnc(N)c34)cc2OC)c1	0.8709677419354839
CCCc1cnc(N2CCC(C3Cc4cc(N5CCN(S(=O)(=O)CCC)CC5)ccc4O3)CC2)nc1	0.7878787878787878
CCCn1c(I)nc(C[C@H](NC(=O)[C@@H]2CCC(=O)N2)C(=O)N2CCC[C@H]2C(N)=O)c1I	0.8769230769230769
CCN(CC)C(=O)c1ccc(N(c2cccc(CN(C)C)c2)C2CCN(Cc3ccccc3)CC2)cc1	0.8245614035087719
CCN(CC)CCNc1ccc(CNC(=O)OC)c2sc3ccc(O)cc3c(=O)c12	0.8253968253968254
CCN(CC)CCNc1ccc(CNS(C)(=O)=O)c2sc3ccccc3c(=O)c12	0.7857142857142857
CCN(CC)CCn1nc2c3c(c(CNC(=O)OC)ccc31)Sc1ccccc1-2	0.819672131147541
CCN(CC)[C@@H](C)CNC(=O)c1cc(-c2cnn3ccc(-c4cccs4)nc23)nc(N2CCNC(=O)C2)c1	0.8375
CCN(CC)c1ccc(CCNC(=O)c2ccc(O)cc2)cc1Br	0.75
CCN(CC)c1ccc(N=Nc2nnc[nH]2)cc1	0.42
CCN(CCc1ccccc1)c1ccc(C(O)(C(F)(F)F)C(F)(F)F)cc1	0.75
CCN(Cc1cccc(Cl)c1)C(=O)C1CCN(S(=O)(=O)c2ccc3cn[nH]c3c2)CC1	0.835820895522388
CCN(Cc1ccccc1)C(=O)C1CCN(S(=O)(=O)c2ccc3cccnc3c2)CC1	0.71875
CCN(Cc1cscn1)c1ccc(C(O)(C(F)(F)F)C(F)(F)F)cc1	0.72
CCN1/C(=C/c2ccc3cccc(C)c3[n+]2CC)Sc2ccccc21	0.78
CCN1C(=C(C#N)C#N)C=Cc2ccccc21	0.4166666666666667
CCN1C(=O)/C(=C/C=C2\C=CN(CC)c3ccccc32)SC1=S	0.5555555555555556
CCN1C(=O)[C@@H](NC(=O)c2cccc(C(F)(F)F)c2)[C@@H](c2ccc(F)cc2)c2c(CBr)nn(-c3ccccc3)c21	0.8714285714285714
CCN1C(=O)[C@@H](NC(=O)c2cccc(C)c2)[C@@H](c2ccc(F)cc2)c2c(C)nn(C3CCCC3)c21	0.9841269841269841
CCN1C(=O)[C@H](NC(=O)c2cccc(C(F)(F)F)c2)[C@H](c2ccc(F)cc2)c2c(CO)nn(-c3ccccc3)c21	0.8840579710144928
CCN1C(C(=O)Nc2cccc(C(F)(F)F)c2F)=CC([C@H]2CC[C@H](C(F)(F)F)CC2)=NS1(=O)=O	0.7014925373134329
CCN1CC2=NNC(=O)c3cc(F)cc4[nH]c(c2c34)C1	0.8367346938775511
CCN1CCN(C(=O)NC(C(=O)N[C@H]2Cc3ccc(F)c(C(=O)O)c3OB2O)c2ncc(O)cc2Cl)C(=O)C1=O	0.8974358974358975
CCN1CCN(C(=O)c2cn3c4c(cccc24)OCC3C2CCCCC2)CC1	1.0
CCN1CCOc2c(cccc2NCC(=O)N(CCN(C)C)Cc2ccccc2C(F)(F)F)C1	0.8823529411764706
CCNC(=O)C(C)(C)[C@@H]1CC2(CCN(C(=O)[C@@H]3CN(C(C)(C)C)C[C@H]3c3ccc(F)cc3F)CC2)c2cc(Cl)c(C)cc21	1.0
CCNCC1CN(c2c(-c3cc(C)cc(F)c3)cnc3ccc(-c4c(C)ccc(F)c4O)cc23)C1	0.8333333333333334
CCNCCc1ccc(Cl)c(-c2ccccc2OC)c1	0.8333333333333334
CCOC(=O)/C=C/C1=C[C@]2(C)[C@H]3CC=C4[C@@H]5CC(C)(C)CC[C@]5(C(=O)OC)CC[C@@]4(C)[C@]3(C)CC[C@H]2C(C)(C)C1=O	0.7142857142857143
CCOC(=O)C(=Cc1ccc(OC(F)F)cc1)C1=Nn2c(nnc2-c2ccc(Cl)cc2)SC1	0.3950617283950617
CCOC(=O)C(=Cc1cccnc1)C(=O)c1cc(C(C)=O)c(Nc2ccccc2)s1	0.8245614035087719
CCOC(=O)C(CC)(CC)NC(=O)c1ccc(N2CC(OC)C2)c(OCC2CC2)n1	0.7936507936507936
CCOC(=O)C1=C(C)NC2=C(C(=O)OC2)[C@H]1c1ccccc1OC(F)F	0.8363636363636363
CCOC(=O)C1=C(c2ccccc2)N2C=CS(=O)(=O)NC2S1	0.38596491228070173
CCOC(=O)CCCS(=O)(=O)c1ccc(NC(=O)c2cc(N(CC3CC3)C3CCCCC3)ncn2)cc1	0.8
CCOC(=O)CC[C@@H](NC(=O)[C@H](Cc1ccccc1)NC(=O)CNC(=O)/C=C/c1ccccc1)C(=O)OCC	0.8387096774193549
CCOC(=O)CCc1ccc2c(c1)CC(NCC(O)c1cccc(Cl)c1)CC2	1.0
CCOC(=O)CNC(=O)CCc1cc(Cl)c(Oc2ccncc2C(=O)N2CCN(C3CC3)c3ccccc32)cc1Cl	0.8974358974358975
CCOC(=O)C[C@H]1C[C@@]2(O)[C@H]3Cc4ccc(OC)cc4[C@@]2(CCN3C)CC1=O	0.8032786885245902
CCOC(=O)Cc1cc(=O)n2[nH]cc(-c3cccc(Br)c3)c2n1	0.3770491803278688
CCOC(=O)N1CCC(NCCNC(=O)c2ccccc2Cl)CC1	0.8125
CCOC(=O)N1[C@@H]2CC[C@H]1C[C@H](NCCNC(=O)C1CCCCC1)C2	0.7446808510638298
CCOC(=O)N[C@H]1Cc2ncc(NC(=O)c3c(Cl)cccc3Cl)cc2N(S(=O)(=O)c2cccc(C(F)(F)F)c2)C1	1.0
CCOC(=O)[C@@H]1C[C@]2(C)[C@H]3C(=O)[C@@H](OC(C)=O)C[C@@H](C(=O)OC)[C@]3(C)CC[C@H]2C(=O)O1	0.8571428571428571
CCOC(=O)[C@](C)(Cc1ccccc1)c1cnnc2c(-c3ccc(C(F)(F)F)cc3)cnn12	0.8064516129032258
CCOC(=O)c1c(CSC(=N)N)n(-c2ccc(C)cc2)c2cc(Br)c(OC(C)=O)cc12	0.864406779661017
CCOC(=O)c1ccc(C#Cc2ccc3c(c2)C(C)(C)CCS3)nc1	0.5555555555555556
CCOC(=O)c1ccc(OC(=O)c2cc3c(cc2C)N(C)CCC3(C)C)cc1	0.7735849056603774
CCOC(=O)c1ccccc1NC(=O)NCc1ccncc1	0.7954545454545454
CCOC(=O)c1cnn(-c2cccc(-c3cccc4c3C(Nc3ccc(C5CCN(C(=O)C6CC6)CC5)cc3C)CC4)n2)c1C	0.8902439024390244
CCOC(Cc1ccc(OCCc2nc(-c3ccccc3)oc2C)c2ccsc12)C(=O)O	1.0
CCOC1Cc2ccccc2N(C(N)=O)c2ccccc21	0.44642857142857145
CCOCCCNC(=O)c1cc(C)nn1-c1ccccc1	0.532258064516129
CCOc1cc(OCC23CCC(OCc4c(-c5ccccc5C(F)(F)F)noc4C4CC4)(CC2)CC3)cnc1C(N)=O	0.8846153846153846
CCOc1ccc(-c2ccc(C(=O)N(C3CC3)C3CCN(C(=O)OC(C)(C)C)CC3)cc2)cc1	0.7843137254901961
CCOc1ccc(-c2cnc(NC)c(C(=O)c3ccc(F)c(F)c3)c2)cc1	0.8431372549019608
CCOc1ccc(C(=O)NC(=S)Nc2ccc(N3CCOCC3)c(Cl)c2)cc1[N+](=O)[O-]	0.8461538461538461
CCOc1ccc2c(c1)[N+](C)(C)C(C)(C)C=C2C	0.39285714285714285
CCOc1cccc(-c2cc(C#N)ccc2C#CC(O)(c2ccc(C#N)cc2)c2cncn2C)c1	0.8307692307692308
CCOc1cccc(-c2ccc(NC(=O)c3ccc(Cl)cc3Cl)c(C(=O)[O-])c2)c1	0.7068965517241379
CCOc1cccc(/C=C2/SC(=S)N(CCC(=O)O)C2=O)c1	0.7818181818181819
CCOc1cccc(Cn2cc(-c3cc(C(F)(F)F)nc([S+](C)[O-])n3)ccc2=O)c1	0.8870967741935484
CCS(=O)(=O)N(Cc1cccnc1)c1cccc(OC(F)(F)F)c1	0.82
CCS(=O)(=O)c1cc([N+](=O)[O-])c(Sc2ccccc2NC(C)=O)s1	0.45901639344262296
CCSc1nc(C2CC2)cc(-c2cccs2)c1C#N	0.5454545454545454
CC[C@@H]1/C=C(\C)C[C@H](C)C[C@H](OC)[C@H]2O[C@@](O)(C(=O)C(=O)N3CCCC[C@H]3C(=O)O[C@H](/C(C)=C/C3CC[C@@H](OC[C@H](O)c4ccc5ccccc5c4)[C@H](OC)C3)[C@H](C)[C@H](O)CC1=O)[C@H](C)C[C@@H]2OC	1.0
CC[C@@H]1COc2c(ccc3[nH]c(=O)cc(C(F)(F)F)c23)N1CC(C)C	0.8148148148148148
CC[C@@]1(CNC(=O)c2ccnc(-c3cnn4ccc(-c5cccs5)nc34)c2)CCCN1	0.8933333333333333
CC[C@H](C)[C@@H]1NC(=O)[C@H](CC(C)C)NC(=O)[C@H](Cc2c[nH]c3ccccc23)NC(=O)[C@H](CCC(=O)O)NC(=O)[C@H]([C@@H](C)CC)NC(=O)[C@H](Cc2ccccc2)NC(=O)[C@@H](NC(=O)[C@H](CCCCN)NC(=O)[C@H](C)NC(=O)[C@H](C)NC(=O)[C@H](CCC(=O)O)NC(=O)[C@H](CCC(=O)O)NC(=O)[C@H](CCC(=O)O)NC(=O)[C@H](CC(C)C)NC(=O)[C@H](Cc2ccc(O)cc2)NC(=O)[C@H](CCC(=O)O)NC(=O)[C@@H](NC(=O)[C@@H](NC(=O)[C@H](CC(=O)O)NC(=O)[C@H](CC(N)=O)NC(=O)[C@@H](NC(=O)[C@H](Cc2ccc(O)cc2)NC(=O)[C@@H](NC(=O)CNC(=O)[C@H](CCC(=O)O)NC(=O)C(C)(C)NC(=O)[C@@H](N)Cc2c[nH]cn2)[C@@H](C)O)[C@@H](C)O)C(C)C)[C@@H](C)O)CSC2CC(=O)N(CCC(=O)NC(C(=O)NCCCCCCNC(=O)COCCOCCNC(=O)CCCCCCCCCCCCCCCCC(=O)O)CCCCNC(=O)CCN3C(=O)CC(SC[C@@H](C(=O)NCC(=O)N[C@@H](CCCCN)C(=O)N4CCC[C@H]4C(=O)N[C@@H](CO)C(=O)N[C@@H](CO)C(=O)NCC(=O)N[C@@H](C)C(=O)N4CCC[C@H]4C(=O)N4CCC[C@H]4C(=O)N[C@@H](CO)C(=O)N[C@@H](CCCCN)C(=O)N[C@@H](CCCCN)C(=O)N[C@@H](CCCCN)C(=O)N[C@@H](CCCCN)C(=O)N[C@@H](CCCCN)C(=O)N[C@@H](CCCCN)C(N)=O)NC1=O)C3=O)C2=O	0.9904761904761905
CC[C@H](C)[C@@H]1NC(=O)[C@H](Cc2ccc(O)cc2)NC(=O)[C@@H](NC)CSSC[C@@H](C(=O)N2CCC[C@H]2C(=O)N[C@@H](CC(C)C)C(=O)NCC(N)=O)NC(=O)[C@H](CC(N)=O)NC(=O)[C@H](CCC(N)=O)NC1=O	0.8775510204081632
CC[C@H](C)[C@H](N)C(=O)N[C@@H](CCCCN)C(=O)N1CCC[C@H]1C(=O)N[C@@H](CCC(=O)O)C(=O)N[C@@H](C)C(=O)N1CCC[C@H]1C(=O)NCC(=O)N[C@@H](CCC(=O)O)C(=O)N[C@@H](CC(=O)O)C(=O)N[C@@H](C)C(=O)N[C@@H](CO)C(=O)N1CCC[C@H]1C(=O)N[C@@H](CCC(=O)O)C(=O)N[C@@H](CCC(=O)O)C(=O)N[C@@H](CC(C)C)C(=O)N[C@@H](CC(N)=O)C(=O)N[C@@H](CCCNC(=N)N)C(=O)N[C@@H](Cc1ccc(O)cc1)C(=O)N[C@@H](Cc1ccc(O)cc1)C(=O)N[C@@H](C)C(=O)N[C@@H](CO)C(=O)N[C@@H](CC(C)C)C(=O)N[C@@H](CCCNC(=N)N)C(=O)N[C@@H](Cc1cnc[nH]1)C(=O)N[C@@H](Cc1ccc(O)cc1)C(=O)N[C@@H](CC(C)C)C(=O)N[C@@H](CC(N)=O)C(=O)N[C@@H](CC(C)C)C(=O)N[C@H](C(=O)N[C@H](C(=O)N[C@@H](CCCNC(=N)N)C(=O)N[C@@H](CCC(N)=O)C(=O)N[C@@H](CCCNC(=N)N)C(=O)N[C@@H](Cc1ccc(O)cc1)C(N)=O)[C@@H](C)O)C(C)C	1.0
CC[C@H](C)[C@H](N)CN(C(=O)[C@@H]1C[C@H]1c1ccccc1)c1ccc(-c2ccc(CN(C)C)cc2)cc1	0.8421052631578947
CC[C@H](C)[C@H](NC(=O)CNC(=O)[C@H](C)NC(=O)[C@H](C)NC(=O)[C@H](Cc1cnc[nH]1)NC(=O)[C@H](CC(N)=O)NC(=O)CNC(=O)[C@H](C)NC(=O)CNC(=O)[C@H](Cc1cnc[nH]1)NC(=O)[C@H](CC(C)C)NC(=O)[C@H](CC(C)C)NC(=O)[C@H](CCC(=O)O)NC(=O)[C@H](Cc1ccc(O)cc1)NC(=O)[C@H](CC(C)C)NC(=O)[C@H](CCCNC(=N)N)NC(=O)[C@H](CS)NC(=O)[C@H](CO)NC(=O)[C@H](CS)NC(=O)[C@@H](NC(=O)[C@H](CCCCN)NC(=O)[C@H](CCC(N)=O)NC(=O)[C@H](CCCNC(=N)N)NC(=O)[C@H](CS)NC(=O)[C@H](CS)NC(=O)[C@H](CC(=O)O)NC(=O)[C@@H]1CCCN1C(=O)[C@H](CC(C)C)NC(=O)[C@@H]1CCCN1C(=O)[C@@H]1CCC(=O)N1)[C@@H](C)O)C(=O)N[C@@H](CC(C)C)C(=O)N[C@H](C(=O)N[C@@H](CC(C)C)C(=O)O)[C@@H](C)O	0.9710144927536232
CC[C@H](C)[C@H](NC(=O)CNC(=O)[C@H](CC(=O)O)NC(=O)[C@H](CO)NC(=O)[C@@H](N)Cc1cnc[nH]1)C(=O)N[C@@H](Cc1cccc2ccccc12)C(=O)N[C@H](C(=O)N[C@@H](CC(=O)O)C(=O)N[C@@H](CO)C(=O)N[C@@H](Cc1ccc(O)cc1)C(=O)N[C@@H](CO)C(=O)N[C@@H](CCCNC(=N)N)C(=O)N[C@@H](Cc1ccc(O)cc1)C(=O)N[C@@H](CCCNC(=N)N)C(=O)N[C@@H](CCCCN)C(=O)N[C@@H](CCC(N)=O)C(=O)N[C@@H](CCSC)C(=O)N[C@@H](C)C(=O)N[C@H](C(=O)N[C@@H](CCCCN)C(=O)N[C@@H](CCCCN)C(=O)N[C@@H](Cc1ccc(O)cc1)C(=O)N[C@@H](CC(C)C)C(=O)N[C@@H](C)C(=O)N[C@@H](C)C(=O)N[C@H](C(=O)N[C@@H](CC(C)C)C(N)=O)C(C)C)C(C)C)[C@@H](C)O	0.9603174603174603
CC[C@H](C)[C@H](NC(=O)[C@H](CCC(=O)O)NC(=O)[C@H](CO)NC(=O)[C@@H](NC(=O)[C@@H](N)CO)C(C)C)C(=O)N[C@@H](CCC(N)=O)C(=O)N[C@@H](CC(C)C)C(=O)N[C@@H](CCSC)C(=O)N[C@@H](Cc1cnc[nH]1)C(=O)N[C@@H](CC(N)=O)C(=O)N[C@@H](CC(C)C)C(=O)NCC(=O)N[C@@H](CCCCN)C(=O)N[C@H]1CCC[C@@H]1C(=O)N[C@@H](CC(C)C)C(=O)N[C@@H](CC(N)=O)C(=O)N[C@@H](CO)C(=O)N[C@H]1CCC[C@@H]1C(=O)N[C@@H](CCC(=O)O)C(=O)N[C@@H](CCCNC(=N)N)C(=O)N[C@H](C(=O)N[C@H]1CNC[C@@H]1C(=O)N[C@@H](Cc1c[nH]c2ccccc12)C(=O)N[C@@H](CC(C)C)C(=O)N[C@@H](CCCNC(=N)N)C(=O)N[C@H]1CNC[C@@H]1C(=O)N[C@@H](CCCCN)C(=O)N[C@@H](CC(C)C)C(=O)N[C@@H](CCC(N)=O)C(=O)N[C@H]1CCC[C@@H]1C(=O)N[C@H](C(=O)N[C@@H](Cc1cnc[nH]1)C(=O)N[C@@H](CC(N)=O)C(=O)N[C@H]1CCC[C@@H]1C(N)=O)C(C)C)C(C)C	0.9366197183098591
CC[C@H](C)[C@H](NC(=O)[C@H](Cc1ccc(N=[N+]=[N-])cc1)NC(=O)[C@H](CCCNC(=N)N)NC(=O)CNC(=O)[C@@H](NC(=O)[C@H](CC(C)C)NC(=O)[C@@H](N)CO)[C@@H](C)CC)C(N)=O	0.810126582278481
CC[C@H](C)[C@H](NC(=O)[C@H](Cc1ccccc1)NC(=O)[C@H](CCC(=O)O)NC(=O)[C@H](CCCCN)NC(=O)[C@H](C)NC(=O)[C@H](C)NC(=O)[C@H](CCC(N)=O)NC(=O)CNC(=O)[C@H](CCC(=O)O)NC(=O)[C@H](CC(C)C)NC(=O)[C@H](Cc1ccc(O)cc1)NC(=O)[C@H](CO)NC(=O)[C@H](CO)NC(=O)[C@@H](NC(=O)[C@H](CC(=O)O)NC(=O)[C@H](CO)NC(=O)[C@@H](NC(=O)[C@H](Cc1ccccc1)NC(=O)[C@@H](NC(=O)CNC(=O)[C@H](CCC(=O)O)NC(=O)[C@H](C)NC(=O)[C@@H](N)Cc1cnc[nH]1)[C@@H](C)O)[C@@H](C)O)C(C)C)C(=O)N[C@@H](C)C(=O)N[C@@H](Cc1c[nH]c2ccccc12)C(=O)N[C@@H](CC(C)C)C(=O)N[C@H](C(=O)N[C@@H](CCCCN)C(=O)NCC(=O)N[C@@H](CCCNC(=N)N)C(=O)NCC(=O)O)C(C)C	0.9917355371900827
CC[C@H](NC(C)=O)c1cc(Cl)ccc1C1CCN(C(=O)[C@H]2CN(C(C)(C)C)C[C@@H]2c2ccc(OC)cc2F)CC1	1.0
CC[C@H]1OC(O)=C2C1=NC1=C(C(=O)COC1)[C@H]2c1ccc(F)c(Br)c1	1.0
CC[C@H]1[C@@H](O)[C@@H]2[C@H](CC[C@]3(C)[C@@H]([C@H](C)CCNC(=O)NS(=O)(=O)c4cccc(-c5nnco5)c4)CC[C@@H]23)[C@@]2(C)CC[C@@H](O)C[C@@H]12	0.7586206896551724
CC[C@H]1[C@@H](O)[C@@H]2[C@H](CC[C@]3(C)[C@@H]([C@H](C)CCOC(=O)NS(=O)(=O)N4CCCCC4)CC[C@@H]23)[C@@]2(C)CC[C@@H](O)C[C@@H]12	0.9846153846153847
CC[C@H]1c2cc3nc(N4CC[C@H](N)C4)cc(n3n2)N(C)CCCCOc2ccc(C)cc2C(=O)N1C	0.9859154929577465
CC[C@]1(O)CC[C@H]2C(=CC[C@@H]3[C@@H]2CC[C@]2(C)[C@@H]([C@H](C)[C@H](O)CCC(C)C)CC[C@@H]32)C1	1.0
CC[C@]1(c2cccc(Oc3cc([C@@](C)(N)c4cncn4C)ccc3C#N)c2)CCCCN(C)C1=O	1.0
CCc1cc(-c2cncc(OC[C@@H]3CCN3)c2)on1	0.7916666666666666
CCc1cc(-c2noc(-c3ccnc(C)c3)n2)cc(C)c1OC[C@@H](O)CNC(=O)CO	0.8615384615384616
CCc1cc(COc2c(C)cccc2-c2csc(N3CC[C@@H](C(=O)O)[C@@H](OC)C3)n2)cc2c1CN(C1CCOCC1)CC2	0.9058823529411765
CCc1cc(OC)c(CCN)cc1OC	0.6896551724137931
CCc1ccc(CN=Nc2ncnc3nc[nH]c23)cc1	0.8
CCc1ccc(Cn2cc(-c3cc(C(F)(F)F)nc(S(C)(=O)=O)n3)ccc2=O)cc1OC	0.8688524590163934
CCc1ccc(NC(=O)c2cc(C)on2)cc1	0.725
CCc1ccc(OCCCOc2ccc3c(c2)CC[C@H]3CC(=O)O)cc1	0.8260869565217391
CCc1cccc(NC(=O)c2c(C)cccc2OC)c1	0.47619047619047616
CCc1nccc2cc(Nc3n[nH]c4cccnc34)ccc12	0.8
CCc1nnc(NS(=O)(=O)c2ccc(NC(=S)NC(=O)C=Cc3ccc(C(C)C)cc3)cc2)s1	0.8095238095238095
CCc1nnc(SCC(=O)Nc2nnc(-c3ccc(OC)cc3)s2)n1CCOC	0.8983050847457628
CCn1c(=O)c2[nH]cnc2n(C)c1=O	0.8235294117647058
CCn1c(=O)n(CC)c2cc(N3CCCC3)c(NC(=O)c3cc(Br)ccc3OC)cc21	0.7368421052631579
CCn1nc(C)cc1C(=O)Nc1nc2cc(C(N)=O)sc2n1C/C=C/Cn1c(NC(=O)c2cc(C)nn2CC)nc2cc(C(N)=O)cc(OCC3CC3)c21	0.7901234567901234
CN(C(=O)C1C(c2ccccc2)=C1c1ccc(Cl)cc1)[C@H]1CCCC[C@@H]1N1CCCC1	0.8863636363636364
CN(C(=O)CCc1nnc(-c2ccc(-c3ccccc3)cc2)o1)C1CCOCC1	0.44776119402985076
CN(C(=O)c1cc(C(F)(F)F)cc(S(C)(=O)=O)c1)c1cnccc1-c1ccccc1OCc1ccccc1	0.8805970149253731
CN(C(=O)c1cncnc1Oc1cc(Cl)ccc1Cl)c1ccccc1N	0.8113207547169812
CN(C)/C=C(/Oc1ccc(C(F)(F)F)cc1)C(=O)c1ccc(Cl)cc1F	0.8695652173913043
CN(C)C(=O)[C@@]12CN(Cc3ccccc3)C[C@@H]1C[C@H]1[C@@H]3C[C@H](F)C4=CC(=O)C=C[C@]4(C)[C@@]3(F)[C@@H](O)C[C@@]12C	0.8243243243243243
CN(C)C1CCC(C(=O)Nc2cc3cc(-c4cnn(C)c4)ccc3cn2)CC1	1.0
CN(C)C1CN(c2cc(C(=O)Nc3cc4cc(-c5cncs5)ccc4cn3)ccn2)C1	0.873015873015873
CN(C)CCNC(=O)C1CC(=O)N(c2ccc(F)c(Cl)c2)C1	0.4838709677419355
CN(C)C[C@@H](OC(=O)N1Cc2c(n[nH]c2NC(=O)C(C)(C)C)C1(C)C)c1ccccc1	0.8484848484848485
CN(C)S(=O)(=O)c1cccc(NC(=O)CNC2CCCCC2)c1	0.5555555555555556
CN(C)c1cc(Nc2ccc(C(=O)Nc3nc(-c4ccc(F)c(C(F)(F)F)c4)c(Cl)s3)cc2)ncn1	0.8405797101449275
CN(C)c1ccc(-c2noc(C3CCN(C(=O)CCC(F)(F)F)CC3)n2)cc1	0.8181818181818182
CN(C)c1nc(-c2ccco2)c2sccc2n1	0.6511627906976745
CN(CCNC(=O)c1ccc(CS(=O)(=O)c2ccc(Br)cc2)o1)CCc1ccccc1	0.5588235294117647
CN(CCc1ccccc1NS(C)(=O)=O)C(=O)[C@@H](Cc1ccc2ccccc2c1)N(C)C(=O)/C=C/CC(C)(C)N	0.7012987012987013
CN(Cc1cccc(C(=O)O)c1)c1ccc(OCc2c(-c3c(Cl)cccc3Cl)noc2C2CC2)nc1C(F)(F)F	0.8648648648648649
CN(c1cc(C(F)(F)F)nc(OCCC(=O)O)n1)c1cccc2c1CCC2	0.6666666666666666
CN(c1cccc(Cl)c1)S(=O)(=O)c1cccc(C(=O)NCc2ccncc2)c1	0.5161290322580645
CN(c1nc(-c2cc(-c3ccon3)n(Cc3ccccc3F)n2)ncc1F)S(C)(=O)=O	0.7571428571428571
CN1C(=O)N(c2ccc(C#Cc3ccccc3)cn2)CC1C1CCCC1	0.9130434782608695
CN1C(=O)NC(c2ccccc2)C2=C1CN(CCc1ccccc1)C2=O	0.3728813559322034
CN1C(=O)[C@@H](c2ccc(C#Cc3ccccc3)cn2)[C@@H]2CCCC[C@@H]21	1.0
CN1C(=O)[C@@](c2ccc(OC(F)F)cc2)(c2ccc(F)c(OCCCCF)c2)N=C1N	0.9444444444444444
CN1CC2(CCN(c3cc(C(=O)Nc4cc5cc(-c6cnn(C)c6)ccc5cn4)ccn3)CC2)C1	0.8870967741935484
CN1CCC(c2cccc(C(=O)Nc3cc4cc(-c5cn(C)nn5)ccc4cn3)c2)CC1	0.7761194029850746
CN1CCC[C@@H]1Cc1c[nH]c2ccc(Nc3ncccc3[N+](=O)[O-])cc12	0.7058823529411765
CN1CCC[C@H]1COc1cccc(O)c1	0.6744186046511628
CN1CCN(C(=O)COc2ccc(S(=O)(=O)C=Cc3ncccc3Cl)cc2)CC1	0.8103448275862069
CN1CCN(C(=O)c2cc3c(Nc4ccc(OC(F)(F)F)cc4)ncnc3s2)CC1	0.8333333333333334
CN1CCN(c2ncccc2-c2nnc(NC3N=C(c4ccccc4)c4ccccc4NC3=O)o2)CC1	0.8461538461538461
CN1CC[C@]23Cc4c(c5ccccc5n4C)C[C@]2(Cc2ccc(O)cc23)C1	0.4507042253521127
CN1CCc2cc(SC[C@H](N)C(=O)O)cc3c2[C@H]1Cc1ccc(O)c(O)c1-3	1.0
CN1CCc2ccc(CO)c3c2[C@H]1Cc1ccc(O)c(O)c1-3	0.7450980392156863
CNC(=O)C(NC(=O)c1cc(OCC(F)(F)F)c(C2CC2)cn1)C(C)(C)O	0.8703703703703703
CNC(=O)C1CCN(S(=O)(=O)c2c(C)noc2/C=C/c2ccc(OC)cc2)CC1	0.5277777777777778
CNC(=O)CC1(NC(=O)c2cc(OCC(F)(F)F)c(C3CC3)cn2)COC1	0.7868852459016393
CNC(=O)CN(C(=O)c1ccc(N2CC(F)(F)C2)c(OCC2CC2)n1)C(C)(C)C	0.8166666666666667
CNC(=O)[C@@]12C[C@@H]1[C@@H](n1cnc3c(NC)nc(C#Cc4cccs4)nc31)[C@H](O)[C@@H]2O	0.7571428571428571
CNC(=O)[C@H](CCCCNC(=N)N)NC(=O)c1csc([C@@H]2C[C@@H](N)CN2C(=O)OCc2cccc(Cl)c2)n1	0.7191011235955056
CNC(=O)c1c(-c2ccc(F)cc2)oc2cc(N(CCCF)S(C)(=O)=O)c(-c3cccc(C(=O)NCC(F)(F)F)c3)cc12	0.9066666666666666
CNC(=O)c1c(NC(=O)c2ccco2)sc2c1CCC2	0.6666666666666666
CNC(=O)c1cccc(-c2ccc(C(CN3CCOCC3)N(C)C(=O)Cn3c(=O)cnc4cc(C)c(C)cc43)cc2)c1	0.8571428571428571
CNC(=O)c1cccc(OCCCCN2CCN(c3cccc(Cl)c3Cl)CC2)c1	0.8245614035087719
CNCCc1c[nH]c2ccccc12	0.7058823529411765
CNC[C@H](O)c1ccc(O)c(O)c1	0.6875
CNS(=O)(=O)c1ccc2c(c1)/C(=C/c1cn(C)c3ccc(OC)cc13)C(=O)N2	0.7966101694915254
CN[C@H](C)Cc1ccccc1	1.0
CNc1cc(Nc2nccc3nc(-c4c(Cl)cc(C#N)cc4Cl)[nH]c23)ncn1	0.8363636363636363
CNc1nc(NC2C3CCC2CN(c2cc(C)ncn2)C3)nc2c1C(C)(C)CN2c1ccc(F)cc1	1.0
CNc1nccc(-c2cccnc2Oc2ccc(NC(=O)c3ccccc3Nc3ccccc3)cc2)n1	0.9016393442622951
COC(=O)/C=C/c1cnc2[nH]c(/C(=C/C3CCCC3)c3ccc(S(C)(=O)=O)c(Cl)c3)cc2c1	1.0
COC(=O)C(C=Nc1ccccc1N)c1ncc(C(F)(F)F)cc1Cl	0.5
COC(=O)C1=C(CN2CCN3C(=O)N(CC#Cc4ccc(C#N)cc4)C[C@@H]3C2)NC(c2nccs2)=N[C@H]1c1ccc(F)cc1Cl	0.9021739130434783
COC(=O)C1C(Cn2cnc3ccccc32)=NC(=O)NC1c1cc(C)ccc1C	0.8548387096774194
COC(=O)CCc1ccc(S(=O)(=O)NNc2ccc(Br)cc2)cc1	0.75
COC(=O)CS(=O)(=O)N1CCC(Nc2ncnc3ccc(C(c4ccc(Cl)cc4)c4ccc(Cl)cc4)cc23)CC1	0.8125
COC(=O)Cn1nnnc1Cc1ccc(-c2ccccc2)cc1	0.75
COC(=O)N1CCC[C@H](NS(C)(=O)=O)[C@@H]1COC1CCN(c2c(Cl)cccc2Cl)CC1	0.8421052631578947
COC(=O)c1ccc(NC(=O)C(=O)c2cccn2C)cc1	0.6923076923076923
COC(=O)c1ccc2[nH]cc(CCCCN3CCN(c4ccc(C(=O)CCC5CCN(Cc6ccccc6)CC5)cc4)CC3)c2c1	0.8441558441558441
COC(=O)c1ccc2c(N(Cc3ccc(-c4ccc(N(C)C)nc4)cc3)C(=O)CC(C)(C)C)nccc2c1	0.8333333333333334
COC(=O)c1cccc(COc2c(-c3ccc(OCCOCCOCCn4cc(CN(CCO)Cc5ccccc5)nn4)cc3)oc3ccccc3c2=O)c1	0.9156626506024096
COC(=O)c1cccc(COc2c(-c3ccc(OCCOCCn4cc(CCCCOc5ccc(-c6cc(=O)c7cc(C)ccc7o6)cc5)nn4)cc3)oc3ccccc3c2=O)c1	1.0
COC(=O)c1cccc(COc2c(-c3ccc(OCCOCCn4cc(CCCOc5ccc(-c6cc(=O)c7ccc(F)cc7o6)cc5)nn4)cc3)oc3ccccc3c2=O)c1	1.0
COC(C)(C)CC[C@@H](C)[C@H]1CC[C@H]2[C@@H]3CC=C4C[C@@](C)(O)CC[C@]4(C)[C@H]3CC[C@]12C	0.8275862068965517
COC/C=C/C(=O)N1CCCC[C@H]1c1nc(-c2ccc(C(=O)Nc3ccncn3)cc2)c2c(N)nccn12	0.85
COC1(OC)C(O)CCC(N=O)C1N=O	0.225
COC1(c2ncc(F)cc2-c2cncc(S(C)(=O)=O)c2)C=C(C#N)C(=O)C(C)(C)C1	0.8307692307692308
COCC(=O)[C@H](C[C@@H]1CCNC1=O)NC(=O)[C@H](CC(C)(C)C)NC(=O)[C@H]1CCCO1	0.8333333333333334
COCC(C(=O)N(C)C)n1ccc(C)c(N2C[C@@H](c3c(F)cc(OC)cc3F)[C@H](NC(=O)c3ccc(OC(F)(F)F)cc3)C2=O)c1=O	0.8414634146341463
COCC(C)(C)C(=O)NCCN1CCC(c2cccc(C(F)(F)F)n2)CC1	0.7818181818181819
COCC(C)Oc1cc(Oc2ccc(S(=O)(=O)C3CC3)cc2)cc(C(=O)Nc2nc3c(s2)CN(C(=O)OC(C)(C)C)CC3)c1	0.8554216867469879
COCCC#CCOc1cc(COc2ccc(C(F)(F)F)cc2)ccc1Sc1ccc(OCC(=O)O)c2c1CCCC2	0.8823529411764706
COCCCn1c(-c2ccco2)nc2ccccc2c1=O	0.5081967213114754
COCCNc1nc(N)nc2ccc(Cc3ccc(CN4CCCC4)cc3)nc12	0.8421052631578947
COCCNc1nn(C)cc1-c1ccc2ncc(-c3cc(C)cc(F)c3)c(N3CCC(N)CC3)c2c1	0.9264705882352942
COC[C@@H](c1cccc(C#N)c1)n1c(COC(C)C)nc(=O)c(S(=O)(=O)c2ccc(-c3cccnc3C)cc2)c1O	0.8717948717948718
COC[C@@H]1[C@H]2CN(c3ccc(C(C)(C)OC=O)cc3)C(=O)N2CCN1CC1=C(C(=O)OC)[C@H](c2ccc(F)cc2Cl)N=C(c2nccs2)N1	0.8571428571428571
COC[C@H](C)Oc1cc(C#Cc2cccc(N(C)C)c2)cc(C(=O)Nc2ccn(C)n2)c1	0.8615384615384616
COC[C@H]1N(c2cccc(-c3cccc(C)c3OCc3cc4c(c(OC)c3)CN(C3CCOCC3)CC4)n2)C[C@@H]2C[C@@]21C(=O)O	0.9058823529411765
CONc1ccn([C@@H]2O[C@H](COP(=O)(O)OP(=O)(O)OP(=O)(O)OC[C@H]3O[C@@H](n4ccc(NOC)nc4=O)[C@H](O)[C@@H]3O)[C@@H](O)[C@H]2O)c(=O)n1	0.9423076923076923
CO[C@@H]1C(c2ccc(C#N)c(Cl)c2C)=NN2CC(F)(F)C[C@@H]12	0.6666666666666666
CO[C@@H]1CN(c2cccc(-c3cccc(C)c3OCc3cc(C)c4c(c3)CCN(C3CCOCC3)CC4)n2)CC[C@@H]1C(=O)O	0.925
CO[C@H]1C=CC=C(C)C(=O)Nc2cc(O)c(N)c(c2O)C=C(C)C[C@H](OC)[C@H](O)[C@@H](C)/C=C(\C)[C@@H]1OC(N)=O	0.8533333333333334
CO[C@H]1CN(c2cccc(-c3cccc(C)c3OCc3ccc4c(c3C)CCN(C3CCOCC3)CC4)n2)CC[C@@H]1C(=O)O	1.0
CO[C@](C)(c1cccs1)[C@H]1CCCC2=Cc3c(-c4ccc(F)cc4)ncn3C[C@@]21C	0.8181818181818182
COc1c(C(C)(C)C)cc(C)c(Nc2ncc[nH]2)c1C	0.3333333333333333
COc1c(C(C)=O)c(O)c(OCc2ccc3ccccc3c2)c2occc12	0.92
COc1c2ccccc2nc2ccccc12	0.5294117647058824
COc1cc(-c2ccc(COc3cccc([C@@H](CC(=O)O)C4CC4)c3)cc2C2=CCCC2(C)C)c(F)cn1	0.8076923076923077
COc1cc(/C=C/C(=O)OC2CC3CCC2(C)C3(C)C)ccc1O	0.5098039215686274
COc1cc(C(=O)N2[C@@H](c3ccccc3Cl)CC[C@H]2C(=O)O)ccc1N1CCCC1	0.8771929824561403
COc1cc(C(=O)c2ccc(C)cc2)cc(O)c1-c1cc(Cl)cc(Cl)c1	0.8717948717948718
COc1cc(C(F)(F)F)ccc1CCNC(=O)c1ccc(Oc2cc3c(cc2Cl)C(C(=O)O)CCO3)cc1	1.0
COc1cc(CNC(=O)CCCCCNC(=O)OC(C)(C)C)ccc1O	0.7
COc1cc(C[C@H](C)N)c(OC)cc1Br	1.0
COc1cc(F)c(-n2cc(-c3ccc(F)cc3)nc2NC(=O)c2ccc(OC(F)F)cc2)c(F)c1	0.9454545454545454
COc1cc(F)c(-n2cc(-c3ccnc(Cl)c3)nc2NC(=O)c2ccc(OC(F)F)cc2)c(F)c1	0.8153846153846154
COc1cc(F)c(-n2cc(C(=O)NCC3CCC(O)CC3)nc2NC(=O)c2ccc(OC(F)F)cc2)c(F)c1	0.7647058823529411
COc1cc(F)c([C@@H]2CC(=O)NC[C@H]2NC(=O)Nc2cc3ccccc3s2)c(F)c1	0.7272727272727273
COc1cc(F)c([C@@H]2CN(c3c(C)ccn(CC(O)C4CC4)c3=O)C(=O)[C@H]2NC(=O)c2ccc(OC(F)(F)F)cc2)c(F)c1	0.868421052631579
COc1cc(F)c([C@@H]2CN(c3cc(OC)ccc3F)C(=O)[C@H]2NC(=O)c2ccc(OC(F)(F)F)cc2)c(F)c1	0.7647058823529411
COc1cc(F)c([C@@H]2CN(c3cccn(CCN4CC5(COC5)C4)c3=O)C(=O)[C@H]2NC(=O)c2ccc(OC(F)F)cc2)c(F)c1	0.8375
COc1cc(F)c([C@@H]2CN(c3nc(C)ccc3F)C(=O)[C@H]2NC(=O)c2ccc(Cl)cc2)c(F)c1	0.8095238095238095
COc1cc(F)c([C@@H]2CN(c3nc(N4C[C@@H](C)N(C)[C@@H](C)C4)ccc3OC)C(=O)[C@H]2NC(=O)c2ccc(Cl)cc2)c(F)c1	0.8493150684931506
COc1cc(F)ccc1-c1ccncc1N(C)C(=O)c1cc(C(F)(F)F)cc(S(=O)(=O)CCNS(N)(=O)=O)c1	0.875
COc1cc(NC(=O)c2ccccn2)ccc1NC(=O)c1ccc(NC(=O)COCC(=O)NCCCCCCCCCCNC(=O)COc2ccc(-c3cccc(COc4cc5c(c(C)c4C)C(=O)C(C4CCCC4)C5)c3)cc2C(=O)[O-])cc1Cl	1.0
COc1cc(OC)cc(C(=O)NCC2CCCN(C(=O)c3csc(C)n3)C2)c1	0.4666666666666667
COc1cc(OCC2CCCCC2)c(F)cc1CNC(=O)[C@@H]1CCCN1	0.6666666666666666
COc1cc(OCc2csc(-c3ccc(OC(F)(F)F)cc3)n2)c2cc(-c3cn4nc(C)ccc4n3)oc2c1	0.8840579710144928
COc1cc(OCc2csc(Nc3cc(F)ccc3F)n2)c2cc(-c3cn4nc(C)ccc4n3)oc2c1	0.8933333333333333
COc1cc(Oc2ccc3nc(COc4cccc(C(=O)O)c4)n(C)c3c2)ccn1	0.847457627118644
COc1cc(S(=O)(=O)Nc2ccc(C)cc2)ccc1NC=C1C(=O)N(C)C(=O)C(C#N)=C1C	0.5223880597014925
COc1cc2c(cc1Br)CCNCC2	0.6470588235294118
COc1cc2c(cc1OC)CN(Cc1ccc(-c3ccc(OCCOc4nonc4OCc4ccccc4)cc3)cc1)CC2	0.9491525423728814
COc1cc2cc(C(=O)CCC(=O)O)sc2cc1CCF	0.7272727272727273
COc1cc2nc(N(C)C)nc(N)c2cc1OC	0.4888888888888889
COc1ccc(-c2c(Cl)cc(Nc3n[nH]c(N)n3)cc2C(F)(F)F)cc1S(=O)(=O)NC(C)(C)CO	0.8507462686567164
COc1ccc(-c2c(Cl)cc(Nc3n[nH]c(N)n3)cc2C(F)(F)F)cc1S(=O)(=O)NC1(C#N)CC1	0.7763157894736842
COc1ccc(-c2c[nH]nn2)c(CNC(=O)c2cn(Cc3cn4cc(C5CC5)ccc4n3)nn2)c1F	0.810126582278481
COc1ccc(-c2ccc(CN(C(=O)CC(C)(C)C)c3nccc4cc(CCC(=O)O)ccc34)cc2)cc1C	0.8059701492537313
COc1ccc(-c2cccc(C(=O)N(C)CCc3ccccn3)c2)cc1S(=O)(=O)Nc1cccc(NCCNC(=O)c2cccc(C)c2)c1	0.8717948717948718
COc1ccc(-c2cccc3c2C(=O)N(C(C2CC2)C(C)(C)O)C3)cc1OC	0.7068965517241379
COc1ccc(-c2ccncc2)cc1C(C)(C)CC(O)(Cc1cc2ccncc2[nH]1)C(F)(F)F	0.8983050847457628
COc1ccc(-c2cnc(C(=O)N3CCN(c4cc5ccccc5cc4C(=O)O)CC3)nc2-c2ccc(C)cc2)cc1	0.8666666666666667
COc1ccc(-c2nn(Cc3ccc(C(F)(F)F)cc3)c(=O)c3c(C)noc23)c(OC)c1	0.8666666666666667
COc1ccc(-c2nnc(NC3N=C(c4ccccc4)c4ccccc4NC3=O)o2)nc1Cl	0.75
COc1ccc(-n2c(NS(=O)(=O)[C@@H](C)[C@H](OC)c3ncc(C)cn3)nnc2-c2cccc(OC)n2)cc1	0.8870967741935484
COc1ccc(-n2cc(C3CCCNC3)nc2NC(=O)c2ccc(OC(F)F)cc2)cc1	0.8064516129032258
COc1ccc(-n2nc(C(=O)N3CCN4CCC3C(F)(F)C4)c3c2CCOC3)cc1	0.7301587301587301
COc1ccc(-n2ncc3c(NCC(C)C)ncnc32)cc1	0.723404255319149
COc1ccc(/C=C/C(=O)NCc2cn(C)nc2C)cc1COc1ccc(Cl)cc1Br	0.5512820512820513
COc1ccc(/C=C/C23CCC(OCc4c(-c5c(Cl)cncc5Cl)noc4C4CC4)(CC2)CC3)cc1CCC(=O)O	0.8192771084337349
COc1ccc(/N=N/c2nc3cc(Br)c(Br)cc3n2C)c(OC)c1	0.5384615384615384
COc1ccc(C(=O)/N=c2\sc3ccccc3n2C)cc1	0.723404255319149
COc1ccc(C(=O)N2CCc3c([nH]c4ccccc34)C2C(F)(F)F)cc1	0.639344262295082
COc1ccc(C(=O)Nc2cc(F)cc3c(=O)cc(C(=O)O)oc23)cc1	0.8163265306122449
COc1ccc(C(=O)c2c(C)n(Cc3ccc(Cl)c(O[C@@H](C)C(=O)O)c3)c3nc(OC)ccc23)cc1	0.8181818181818182
COc1ccc(C2CC2Nc2ncnc3c2sc2nnc(C)c(C)c23)cc1	0.7049180327868853
COc1ccc(CC[C@@H](C)NC[C@@H](O)COc2ccc(O)cc2)cc1	1.0
COc1ccc(CCc2nc3cc(-c4c(C)noc4C)ccc3n2C[C@H](C)N2CCOCC2)cc1Cl	0.5679012345679012
COc1ccc(CN(CC(=O)NCCc2ccccc2)C(=O)CCC(=O)Nc2ccccn2)cc1	0.8305084745762712
COc1ccc(CN2C(=NC(=O)CCC3CCCC3)SC3CS(=O)(=O)CC32)cc1	0.5571428571428572
COc1ccc(CN2CCc3c(c(C(=O)NCc4cccc5ccccc45)nn3CCN)C2)c2ccccc12	0.8676470588235294
COc1ccc(CN2CCc3c(c(C(=O)NCc4cccc5ccccc45)nn3CCNC(C)=O)C2)c2ccccc12	0.8714285714285714
COc1ccc(Cc2cnc(CCc3ccc(-c4ccccc4C(=O)O)cc3)[nH]2)cc1	0.8214285714285714
COc1ccc(Cl)cc1-n1nnc(N(C)c2ccc(C(C)(C)C)cc2)c1C	0.7959183673469388
COc1ccc(F)c(-c2ccc(COc3cccc([C@@H](CC(=O)O)C4CC4)c3)cc2C2CCCC2(C)C)c1	1.0
COc1ccc(F)c(-c2ncc(COc3cccc([C@@H](CC(=O)O)C4CC4)c3)nc2N(C)C(C)C)c1	0.8714285714285714
COc1ccc(F)cc1C1CC1CNCc1cccc2cccnc12	0.7719298245614035
COc1ccc(N2CCC(CNC(=S)Nc3c(C)cccc3C)C2)cc1	0.8269230769230769
COc1ccc(NC(=O)c2ccc(NC(=O)NCc3ccncc3)cc2)cc1OC	0.8367346938775511
COc1ccc(OC)c(CCN)c1	0.5882352941176471
COc1ccc(OC)c(CCNC(=O)c2ccc3c(=O)[nH]c4c(C(=O)NC(C)C)sc(=S)n4c3c2)c1	0.5172413793103449
COc1ccc(OC2CCN(c3nc4oc(=O)[nH]c(=O)c4c(Cl)c3C)CC2)cn1	0.5652173913043478
COc1ccc(OCC(=O)N/N=C/C=C/c2ccccc2)cc1	0.4918032786885246
COc1ccc(OS(=O)(=O)[C@H]2C[C@H]3C(c4ccc(O)cc4C)=C(c4ccc(O)cc4C)[C@@H]2[S+]3[O-])cc1	0.9019607843137255
COc1ccc(S(=O)(=O)/C=C/c2ccncc2)cc1	0.7105263157894737
COc1ccc(S(=O)(=O)n2c(CCCC(=O)O)cc3cc(C(F)(F)F)ccc32)cc1	0.8392857142857143
COc1ccc(S(C)(=O)=O)c(NCC2=NCCN2)c1	0.723404255319149
COc1ccc(SCCc2cnc[nH]2)cc1	0.675
COc1ccc2c(c1)C1CC1(C(=O)N1CC(O)(c3ccccc3)C1)Cn1c-2c(C2CCCCC2)c2ccc(C(=O)NS(=O)(=O)N(C)C)cc21	0.8823529411764706
COc1ccc2c(c1)nc(CN1CCN(c3nc(Cl)ccc3C(F)(F)F)CC1)n2C	0.7758620689655172
COc1ccc2c(ccn2CC(C)N)c1	0.6756756756756757
COc1ccc2c3c1O[C@H]1[C@@H](O)[C@H](F)C[C@H]4[C@@H](C2)N(C)CC[C@@]341	0.8333333333333334
COc1ccc2c3c1O[C@H]1[C@@]4(OC)CC[C@@]5(C[C@@H]4COCc4ccccc4)[C@@H](C2)N(Cc2nn[nH]n2)CC[C@]315	0.8
COc1cccc(-c2nc3ccccc3c(=S)[nH]2)c1	0.5555555555555556
COc1cccc(C(=O)N[C@H]2C[C@@](N)(C(=O)O)[C@@H]3[C@@H](C(=O)O)[C@@H]32)c1	0.7959183673469388
COc1cccc(CC2(CO)CCCN(Cc3[nH]c4ccc(C)cc4c3C)C2)c1	0.6285714285714286
COc1cccc(CN2CCC(NC(=O)c3ccc(C(=O)N4CCC(Oc5ccc(C)cc5)CC4)cn3)CC2)c1	0.8857142857142857
COc1cccc(CN2CCN(C(=O)c3cccnc3NCCC(C)C)[C@H](C)C2)c1	1.0
COc1cccc(CNC(=O)CSCc2cnn(-c3ccccc3)c2-n2cccc2)c1	0.819672131147541
COc1cccc(N2CCN(CC(O)COc3ccccc3C(=O)CCc3ccccc3)CC2)c1	0.8333333333333334
COc1cccc(OC)c1-n1c(NS(=O)(=O)[C@@H](C)Cc2ncc(F)c3c2ncn3C)nnc1-c1ccco1	0.8441558441558441
COc1cccc(OC)c1-n1c(NS(=O)(=O)[C@@H](C)[C@H](OC)c2ncc(C)cn2)nnc1-c1nccs1	0.7910447761194029
COc1cccc(OC)c1-n1c(NS(=O)(=O)[C@@H](C)[C@H](OC)c2ncc(C)cn2)nnc1-c1nn(C)c2ccccc12	0.7352941176470589
COc1cccc(OC)c1-n1c(NS(=O)(=O)[C@@H](C)[C@H](OC)c2ncc(Cl)cn2)nnc1-c1cccc(C)n1	1.0
COc1cccc(OC)c1O	0.42105263157894735
COc1cccc(OCCNCC2(F)CCN(C(=O)c3ccc(Cl)c(Cl)c3)CC2)c1	0.8688524590163934
COc1cccc2[nH]c(C(=O)N3CC4(C[C@@H]3C(=O)N[C@H](C#N)C[C@@H]3CCCNC3=O)CC(F)(F)C4)cc12	1.0
COc1cccc2c1C13CCN(CC4CC4)[C@H](C2)[C@]1(OCCCc1ccccc1)CCC(=O)C3	0.8059701492537313
COc1ccccc1-c1ccc(O[C@@H](Cc2ccccc2)C(=O)O)cc1	0.7560975609756098
COc1ccccc1-c1cccc(C2(OC)C=C(C#N)C(=O)C(C)(C)C2)n1	0.7818181818181819
COc1ccccc1C(=O)/C=C1\NCC2c3ccccc3CCN2C1=O	0.7586206896551724
COc1ccccc1C(=O)Nc1ccnn1C1CCN(C(C)CSC)CC1	0.7931034482758621
COc1ccccc1C1CCN(c2nc(C3CC3)nc3c(Cl)cc(N(C)CCO)cc23)CC1	0.8333333333333334
COc1ccccc1C1CCN(c2nc(C3CC3)nc3ccc(N4CCC(O)CC4)cc23)CC1	0.8928571428571429
COc1ccccc1N1CCN(C(=O)c2cc3c(=O)n4cccc(C)c4nc3s2)CC1	0.547945205479452
COc1ccccc1OCCN1CCC(CNS(=O)(=O)c2cccc(Cl)c2)CC1	0.7857142857142857
COc1ccnc(N2C[C@@H](c3c(F)cc(OC)cc3F)[C@H](NC(=O)c3ccc(OC(F)F)cc3)C2=O)c1	0.803030303030303
COc1nc(-c2cccc(-c3cccc4c3CC[C@@H]4Nc3nc(OC)c(CN(C)CC(=O)O)cc3C(F)(F)F)c2Cl)ccc1CNC[C@@H]1CCC(=O)N1	0.8461538461538461
COc1nc(-c2cccc(-c3cccc4c3CC[C@@H]4Oc3nc(OC)c(CN4CC(C(=O)O)C5(CC5)C4)cc3Cl)c2Cl)ccc1CNC[C@@H]1CCC(=O)N1	0.9666666666666667
COc1nc(-c2cccc(-c3cccc4c3CC[C@@H]4Oc3nc(OC)c(CN4CCC(C)(C)[C@H]4C(=O)O)cc3Cl)c2Cl)ccc1CNC[C@@H]1CCC(=O)N1	0.8421052631578947
COc1nc(-c2cccc(-c3cccc4c3CC[C@@H]4Oc3nc(OC)c(CN4CCC[C@]4(C)C(=O)O)cc3C(F)(F)F)c2Cl)ccc1CNC[C@@H]1CCC(=O)N1	1.0
COc1nc(NC2CCC3(CC2)COC3)nn2ccc(-c3ccc4nnn(C)c4c3)c12	0.8088235294117647
COc1nc(NC2CCOC[C@H]2OC)nc2[nH]cc(-c3ccn4nccc4c3)c12	0.8461538461538461
COc1nc(N[C@@H]2CC[C@H]2OC)nn2ccc(-c3cnc4nccn4c3)c12	1.0
COc1nc(N[C@H]2C[C@](C)(NC(=O)C3(C#N)CC3)C2)nn2ccc(-c3ccc4ncnn4c3)c12	1.0
COc1nc(O[C@H]2CCc3c(-c4cccc(-c5cc(C)c(CN6CC(C)(O)C6)c(OC)n5)c4Cl)cccc32)c(Cl)cc1CN1CC[C@H](C(=O)O)C1	1.0
COc1ncc(C(F)(F)F)cc1CO[C@H]1[C@H](C(C)(C)C)[C@@H](C(=O)O)N(C(=O)C2CCCCC2)[C@H]1c1ccccc1	0.8939393939393939
CP(C)(=O)c1ccccc1-c1ccc(N2C(=O)[C@@H](NC(=O)Nc3ccc(Cl)cc3F)C[C@H]2CO)c(F)c1F	1.0
CS(=O)(=O)CCOCc1ccccc1C#Cc1ccc(CCC(=O)O)c(F)c1	0.8909090909090909
CS(=O)(=O)N[C@H]1CCN([C@@H]2CN(C(=O)c3cccn4cncc34)CC[C@H]2c2ccccc2)C1=O	0.6486486486486487
CS(=O)(=O)Nc1cc([C@@H](O)CNC2CCN(c3ccc(NC(=O)CC(=O)O)cc3)CC2)ccc1O	0.78125
CS(=O)(=O)Nc1ccc(-c2cccc(N(CC34CCC(c5cnc(C(F)(F)F)nc5)(CC3)OC4)C(=O)C34CC(F)(C3)C4)c2)cc1	0.7692307692307693
CS(=O)(=O)Nc1ccc(CN2CCC(NC(=O)c3ccc(C(=O)N4CCC(Oc5ccc(C#N)cc5)CC4)nc3)CC2)cc1	1.0
CS(=O)(=O)Nc1ccc2c(c1)S(=O)(=O)NC(c1c(O)c3cccn3n(Cc3ccc(F)cc3)c1=O)=N2	0.8767123287671232
CS(=O)(=O)c1ccc(OC2CCN(C(=O)c3ccc(C(=O)NC4CCN(Cc5cccc(OC(F)(F)F)c5)CC4)nc3)CC2)cc1	0.8974358974358975
CS(=O)(=O)c1ccc(Oc2cc(F)cc(C#N)c2)c2c1[C@H](O)[C@H](F)[C@@H]2F	1.0
CS(=O)(=O)c1cccc(N2CCN(Cc3ccc(C(F)(F)F)nc3)C(c3cccc(Cl)c3)C2)c1	0.859375
CSCCC(NC(=O)C(CS)NC(=O)C(CCCNC(=N)N)NC(=O)C(CCCNC(=N)N)NC(=O)C1CCC(=O)N1)C(=O)N1CCCC1C(=O)NC(CC(C)C)C(=O)NC(Cc1cnc[nH]1)C(=O)NC(CO)C(=O)NC(CCCNC(=N)N)C(=O)NC(C(=O)NC(C)C(=O)NC(Cc1ccccc1)C(=O)N1CCCC1C(=O)O)C(C)C	0.9649122807017544
CSCC[C@H](NC(=O)[C@H](CC(C)C)NC(=O)[C@H](Cc1c[nH]c2ccccc12)NC(=O)[C@H](CCC(N)=O)NC(=O)[C@@H](NC(=O)[C@H](Cc1ccccc1)NC(=O)[C@H](CC(=O)O)NC(=O)[C@H](CCC(N)=O)NC(=O)[C@H](C)NC(=O)[C@H](CCCNC(=N)N)NC(=O)[C@H](CCCNC(=N)N)NC(=O)C(C)(C)NC(=O)[C@H](CC(=O)O)NC(=O)[C@H](CC(C)C)NC(=O)[C@H](Cc1ccc(O)cc1)NC(=O)[C@H](CCCCN)NC(=O)[C@H](CO)NC(=O)[C@H](Cc1cccnc1)NC(=O)[C@H](CC(=O)O)NC(=O)[C@H](CO)NC(=O)[C@@H](NC(=O)[C@H](Cc1ccccc1)NC(=O)[C@@H](NC(=O)CNC(=O)[C@H](CCC(N)=O)NC(=O)[C@H](CO)NC(=O)[C@@H](N)Cc1cnc[nH]1)[C@@H](C)O)[C@@H](C)O)C(C)C)C(=O)N[C@@H](CC(N)=O)C(=O)N[C@H](C(=O)O)[C@@H](C)O	1.0
CSCC[C@H](NC(=O)[C@H](CC(C)C)NC(=O)[C@H](Cc1c[nH]c2ccccc12)NC(=O)[C@H](CCC(N)=O)NC(=O)[C@@H](NC(=O)[C@H](Cc1ccccc1)NC(=O)[C@H](CC(=O)O)NC(=O)[C@H](CCC(N)=O)NC(=O)[C@H](C)NC(=O)[C@H](CCCNC(=N)N)NC(=O)[C@H](CCCNC(=N)N)NC(=O)[C@H](CO)NC(=O)[C@H](CC(=O)O)NC(=O)[C@H](CC(C)C)NC(=O)[C@H](Cc1ccc(O)cc1)NC(=O)[C@H](CCCCN)NC(=O)[C@H](CO)NC(=O)[C@H](Cc1ccc(O)cc1)NC(=O)[C@H](CC(=O)O)NC(=O)[C@H](CO)NC(=O)[C@@H](NC(=O)[C@H](Cc1ccccc1)NC(=O)[C@@H](NC(=O)CNC(=O)[C@H](CCC(N)=O)NC(=O)[C@H](CO)NC(=O)[C@@H](N)Cc1cnc[nH]1)[C@@H](C)O)[C@@H](C)O)C(C)C)C(=O)N[C@@H](CC(N)=O)C(=O)N[C@H](C(=O)NCC(=O)N1CCC[C@H]1C(=O)N[C@@H](CO)C(=O)N[C@@H](CO)C(=O)NCC(=O)N[C@@H](C)C(=O)N1CCC[C@H]1C(=O)N1CCC[C@H]1C(=O)N1CCC[C@H]1C(=O)N[C@@H](CO)C(N)=O)[C@@H](C)O	0.9271523178807947
CSCC[C@H](NC(=O)c1ccc(COCc2ccc(-c3ccc(Cl)cc3)o2)cc1-c1ccccc1C)C(=O)[O-]	0.9142857142857143
CSc1cc2ccn([C@@H]3O[C@H](COP(=O)(O)OP(=O)(O)OP(=O)(O)O)[C@@H](O)[C@H]3O)c(=O)c2cc1F	0.8360655737704918
CSc1ccccc1-c1nnc(-c2ccccc2)o1	0.6571428571428571
CSc1nc(N)c2ncn([C@@H]3O[C@H](COP(=O)(O)OP(=O)(O)C(Cl)(Cl)P(=O)(O)O)[C@@H](O)[C@H]3O)c2n1	0.8769230769230769
C[C@@H](CCCc1ccccc1)[C@H](O)/C=C/[C@H]1CC(F)(F)C(=O)N1CCCc1ccc(C(=O)O)s1	1.0
C[C@@H](O)c1nc2cnc3[nH]ccc3c2n1[C@H]1CCCOC1	0.8076923076923077
C[C@@H](OC(=O)Nc1c(-c2ccc(NC(=O)C3CC4(CC(C#N)C4)C3)cn2)nnn1C)c1cccnc1Cl	0.8552631578947368
C[C@@H](Oc1cc(-c2cnc3ccccn23)sc1C(N)=O)c1ccccc1Cl	0.8125
C[C@@H](Oc1cc(-c2nc(C(C)(C)C)no2)ncc1C1CC1)C(F)(F)F	1.0
C[C@@H]1CC[C@@H](C)N1c1ccc2[nH]c(=O)cc(C(F)(F)F)c2c1	1.0
C[C@@H]1COC[C@H](C[N+](C)(C)C)O1.[I-]	1.0
C[C@@H]1Cc2c([nH]c3ccccc23)[C@@H](c2c(F)cc(OC3CN(CCCF)C3)cc2F)N1C[C@H](C)C(=O)O	1.0
C[C@@H]1Cc2c([nH]c3ccccc23)[C@@H](c2c(F)cc(OCCN3CC(CF)C3)cc2F)N1C(=O)C1CSC1	0.8732394366197183
C[C@@H]1NC(=O)[C@H](C)NC(=O)[C@H](Cc2ccccc2)NC(=O)[C@H](Cc2ccccc2)NC(=O)[C@H](CCCNC(=N)N)NC(=O)[C@@H]2CCCN2C(=O)[C@H]2CCCN2C(=O)[C@H](Cc2ccccc2)NC1=O	1.0
C[C@@H]1NC(=O)[C@H](CC(N)=O)NC(=O)[C@@H](Cc2c[nH]c3ccccc23)[C@]23CCCN2C(=O)[C@@H](CSCC3=O)NC(=O)[C@@H](Cc2ccccc2)NC(=O)[C@H](Cc2cnc[nH]2)NC(=O)[C@@H](NC(=O)[C@@H](N)Cc2ccc(O)cc2)CSSC[C@@H](C(=O)N[C@@H](Cc2ccc(O)cc2)C(N)=O)NC(=O)[C@H](Cc2ccccc2)NC1=O	0.7664233576642335
C[C@@H]1NC(=O)[C@H](CC(N)=O)NC(=O)[C@H](Cc2c[nH]c3ccccc23)NC(=O)[C@@H]2CCCN2C(=O)[C@@H](Cc2ccccc2)NC(=O)[C@H](Cc2cnc[nH]2)NC(=O)[C@@H](NC(=O)[C@@H](N)Cc2ccc(O)cc2)CC(=O)N([C@@H](Cc2ccc(O)cc2)C(N)=O)C(C)(C(=O)O)NC(=O)[C@H](Cc2ccccc2)NC1=O	0.9024390243902439
C[C@@H]1NC(=O)[C@H](CC(N)=O)NC(=O)[C@H](Cc2ccccc2)NC(=O)C(c2ccccc2)NC(=O)[C@H](CCCNC(=N)N)NC(=O)[C@@H]2CCCN2C(=O)[C@H]2CCCN2C(=O)[C@H](Cc2ccccc2)NC1=O	1.0
C[C@@H]1c2cc3c(C(F)(F)F)cc(=O)n(C)c3cc2N[C@@H]1C	0.6458333333333334
C[C@@]1(O)CC[C@H]2[C@H](CC[C@@H]3[C@@H]2CC[C@]2(C)[C@@H](C(=O)Cn4nccn4)CC[C@@H]32)C1	0.7678571428571429
C[C@@]12CC(=O)N(c3c(F)cc(C#Cc4ccccc4F)cc3F)C(=O)N1CCN(c1cccnc1)C2=O	0.8870967741935484
C[C@H](C(=O)N[C@@H]1CN(C(=O)c2cccn3cncc23)CC[C@H]1c1cc(F)cc(Cl)c1)N1CCCC1	1.0
C[C@H](CC[C@@H](O)C1CCCCC1)[C@H]1CC[C@H]2[C@@H]3CC[C@H]4C[C@](O)(C(F)(F)F)CC[C@]4(C)[C@H]3CC[C@]12C	1.0
C[C@H](CN1[C@H](c2c(F)cc(OC3CN(CCCF)C3)cc2F)c2[nH]c3ccccc3c2C[C@H]1C)C(=O)O	1.0
C[C@H](Cc1c[nH]c2c(OS(C)(=O)=O)cccc12)NC[C@H](O)c1cccc(OCc2ccccc2)c1	0.782608695652174
C[C@H](Cc1ccc(-c2ccc(C(=O)O)c(OC3CCCCC3)c2)cc1)NC[C@H](O)c1cccnc1	0.828125
C[C@H](NC(=O)OC[C@H](c1ccc(Cl)c(-n2ncnc2C(F)F)c1)N1C(=N)N[C@](CC(C)(C)C)(c2ccc(-c3cnn(C(F)F)c3)cc2)C1=O)C(F)F	1.0
C[C@H](NC(=O)[C@H]1CCN(c2ncnc3[nH]ccc23)CC12CC2)[C@@H](O)c1ccc(F)c(F)c1	0.8840579710144928
C[C@H](O)c1cccc(NS(=O)(=O)c2ccc(-c3ccc(C#N)cc3)cc2)n1	1.0
C[C@H]([C@H](C(=O)Nc1cc([C@@H](CC(=O)O)[C@H]2CCCO2)ccc1Cl)c1ccc(Cl)cc1)C(F)(F)F	0.7692307692307693
C[C@H]1C2Cc3ccc(O)cc3[C@@]1(C)CCN2CC(=O)O	0.7142857142857143
C[C@H]1COCCN1c1ccc(-c2nn3cccnc3c2C(=O)N[C@H]2N=C(c3ccccc3)c3cccc(F)c3NC2=O)cn1	1.0
C[C@H]1[C@@H](O)[C@@H]2[C@H](CC[C@]3(C)[C@@H]([C@H](C)C[C@H](C)C(=O)O)CC[C@@H]23)[C@@]2(C)CC[C@@H](O)C[C@@H]12	1.0
C[C@]1(c2ccccc2)CN(c2cccc(S(C)(=O)=O)c2)CCN1Cc1ccc(C(F)(F)F)cc1	1.0
C[C@]12CC[C@@H]3c4ccc(O)cc4CC[C@H]3[C@@H]1CC[C@@]2(O)C/C=C/CC(F)(F)C(F)(F)C(F)(F)C(F)(F)C(F)(F)C(F)(F)F	0.9333333333333333
C[C@]12CC[C@H]3[C@@H](CC=C4C[C@@H](O)CC[C@@]43C)[C@@H]1CC[C@@H]2O	1.0
C[C@]12CN(c3cnc(C#N)cn3)CC[C@H]1CCN(c1ncnc3[nH]ccc13)C2	0.896551724137931
C[N+](C)(C)CCNC(=O)c1ccc(-c2ccc(-c3cc4nc(O[C@@H]5CO[C@H]6[C@@H]5OC[C@H]6O)[nH]c4cc3Cl)cc2)cc1	0.7866666666666666
Cc1c(-c2cc(-c3ccccc3Cl)no2)cnn1C1CCNCC1	0.7547169811320755
Cc1c(C(=O)C(=O)NC2(c3c[nH]nn3)CC2)c2n(c1C(=O)Nc1cc(F)c(F)c(F)c1)CCC2	0.8695652173913043
Cc1c(C(C)n2cnc3ncc(-c4cnn(C)c4)nc32)ccc2ncccc12	0.78125
Cc1c(CCO)sc[n+]1Cc1ccc(C#N)nc1N	0.7291666666666666
Cc1c(Cl)cccc1N1C(=O)c2ccccc2C1=O	0.4666666666666667
Cc1c(OCCCCOc2ccc(F)c(C(=O)O)c2)ccc(C(=O)C(C)C)c1O	0.7884615384615384
Cc1c(Oc2ccc(Cl)cc2)c2ccc(F)nc2n1Cc1ccc(Cl)c(O[C@@H](C)C(=O)O)c1	0.9016393442622951
Cc1c([N+](=O)[O-])c(C(=O)Sc2ccc(Br)cc2)nn1C	0.3793103448275862
Cc1c2c(ccc3c(NCc4ccc(C(C)(C)O)cc4)ncnc32)nn1C	0.8148148148148148
Cc1cc(-c2cccc(F)c2)cc(CNc2c(F)ccc(OCC(=O)O)c2F)c1F	0.8727272727272727
Cc1cc(-c2cccc3cc[nH]c23)c(CN=O)c2c1NC(C)(C)[C@H](O)[C@H]2C	0.7894736842105263
Cc1cc(-c2cccc3ccccc23)sc1C(=O)N1CCC(CO)CC1	0.7407407407407407
Cc1cc(-c2nnn(CC(C)(C)O)n2)cc(C)c1-c1ccc(F)c2c1CC[C@H]2Nc1cc2c(cn1)[C@H](CC(=O)O)CO2	0.8192771084337349
Cc1cc(/C=C(/C#N)C(=O)O)c(C)n1-c1cccc2ccccc12	0.5806451612903226
Cc1cc(Br)ccc1NC(=O)CNC(=O)CN1C(=O)NC2(CCCCCC2)C1=O	0.6140350877192983
Cc1cc(C(=N)N)cc(C)c1CNC(=O)c1cn(Cc2cn3cc(C4CC4)ccc3n2)nn1	0.7761194029850746
Cc1cc(C(=O)CN2C(=O)CCC2=O)c(C)n1Cc1ccccc1	0.723404255319149
Cc1cc(C(=O)COC(=O)CCc2nc3ccccc3s2)c(C)n1C	0.46875
Cc1cc(C(=O)N2CCCCc3ccccc32)ccc1CNC(=O)N1CCC[C@H]1C(=S)N(C)C	0.8529411764705882
Cc1cc(C(=O)N2CCCCc3ccccc32)ccc1CNC(=O)NCC(=O)NCc1ccccc1	0.819672131147541
Cc1cc(C)c2c(=O)n(CC(=O)N3CCN(c4ccccc4)CC3)ccc2n1	0.6666666666666666
Cc1cc(C)cc(-c2cnc3ncn(-c4cccc(O)c4)c(=O)c3c2CN2CCCC2CN)c1	0.7123287671232876
Cc1cc(C)cc(C(=O)N2CCC(CCC(=O)NC3CC3)CC2)c1	0.5535714285714286
Cc1cc(C)n(C(=O)c2sc3cc(F)ccc3c2Cl)n1	0.47368421052631576
Cc1cc(C2=CC(C(=O)NC3CCCCC3)=NS(=O)(=O)N2Cc2ccc(Cl)cc2Cl)ccc1Cl	0.4642857142857143
Cc1cc(C2CC2)c(-c2[nH]nc(C)c2C)cc1C(=O)N1CC(c2ccc(C#N)cc2)C1	0.8305084745762712
Cc1cc(CN2CCc3cc(-c4c(C)nc(C)c([C@H](OC(C)(C)C)C(=O)O)c4N4CCC(C)(C)CC4)ccc3C2)cc(C)c1F	0.9594594594594594
Cc1cc(Cc2ccsc2)c(=O)n(CC(=O)Nc2ccc(Br)cc2)n1	0.75
Cc1cc(F)cc(-c2cnc3ncc(-c4cccc(C#N)c4O)cc3c2N2CCC(N)CC2)c1	0.9016393442622951
Cc1cc(N)c2cccc(Cl)c2n1	0.5641025641025641
Cc1cc(N2CCc3cc(-c4c(C)nc(C)c([C@H](OC(C)(C)C)C(=O)O)c4-c4ccc5c(c4)CCCO5)ccc3C2)nc(C)n1	0.881578947368421
Cc1cc(NC(=O)C2C(C)(C)C2(C)C)cc(S(=O)(=O)N2CCOCC2)c1C	0.7755102040816326
Cc1cc(NC(=O)Nc2cnc3ccnn3c2C2CCCO2)cnc1-c1noc(CCC(=O)N2CCN(c3ccc4c(c3)CN(C3CCC(=O)NC3=O)C4=O)CC2)n1	0.9541284403669725
Cc1cc(Nc2ccc(C#N)c(C(F)(F)F)c2)nc(-c2ccccc2)n1	0.7291666666666666
Cc1cc(Nc2ccc(O)c([N+](=O)[O-])c2)nc(-c2ccccc2)n1	0.6938775510204082
Cc1cc(O)cc(C)c1C[C@H](N)C(=O)N[C@H](C)C(=O)N[C@@]1(C)Cc2ccccc2CN(CC(N)=O)C1=O	1.0
Cc1cc(O)cc(C)c1C[C@H](N)C(=O)N[C@H](CCCNC(=N)N)C(=O)N[C@H]1Cc2ccccc2CN(CCC(=O)N[C@@H](CCCNC(=N)N)C(=O)N[C@@H](CCCNC(=N)N)C(=O)N2CCC[C@H]2C(=O)N2Cc3ccc(O)cc3C[C@H]2C(=O)N[C@H](C(=O)N[C@@H](CC(C)C)C(=O)O)C(C)(C)C)C1=O	0.957983193277311
Cc1cc(O)cc(C)c1C[C@H](NC(=O)[C@@H]1CCCN1C(=O)[C@H](CCCCN)NC(=O)[C@H](CCCCN)NC(=O)CCN1Cc2ccccc2C[C@H](NC(=O)[C@@H](CCCNC(=N)N)NC(=O)[C@@H](N)Cc2c(C)cc(O)cc2C)C1=O)C(=O)N[C@H](C(=O)N[C@@H](CC(C)C)C(=O)O)C(C)(C)C	0.9557522123893806
Cc1cc(O)ccc1NC(=O)c1cc(N(CC2CC2)C2CCCCC2)ncn1	0.8392857142857143
Cc1cc(OCC[C@@H](C)Oc2ccc(Cl)cc2-c2ccccn2)ccc1CCC(=O)O	0.8059701492537313
Cc1cc(OCc2c(-c3cc[nH]c(=O)c3Cl)noc2C(C)Cl)ccc1-c1ccc2c(C(=O)O)cn(C)c2c1	0.7948717948717948
Cc1cc(SC(CCCCc2ccccc2)c2sc(-c3ccc(C(F)(F)F)cc3)nc2C)ccc1OCC(=O)O	0.9850746268656716
Cc1cc(SC(Cc2c(F)cccc2F)c2ccc(-c3cccc(C(F)(F)F)c3)cc2)ccc1OCC(=O)O	0.90625
Cc1cc(SCC(O)COc2ccc(C(F)(F)F)cc2)ccc1OCC(=O)O	0.8301886792452831
Cc1cc(SCC2(COc3ccc(C(F)(F)F)cc3)CC2)ccc1OCC(=O)O	0.7540983606557377
Cc1cc([Se]Cc2sc(-c3ccc(C(F)(F)F)cc3)nc2C)ccc1OCC(=O)O	0.78125
Cc1cc2c(c(Oc3ccc(C)c(NS(=O)(=O)c4ccc(Cl)cc4)c3)n1)C(=O)N(C(C)C)C2=O	0.7538461538461538
Cc1cc2nc(-c3cncn3C)[nH]c2cc1Nc1nc(-c2cccnc2)cs1	0.7966101694915254
Cc1ccc(-c2cc(C(F)(F)F)nn2-c2ccc(S(N)(=O)=O)cc2)cc1	0.5818181818181818
Cc1ccc(-c2cc[nH]c(=S)n2)cc1	0.5
Cc1ccc(-c2ccc(Cc3nnn(C(=O)N(C)C)n3)cc2)cc1	0.8292682926829268
Cc1ccc(-c2nc(CCC(=O)O)oc2-c2ccccc2)cc1	1.0
Cc1ccc(-c2nnc(-c3cccc4ccccc34)o2)cc1	0.6060606060606061
Cc1ccc(/C=C/C2=Cc3c(sc(NC(=O)CSc4nnc(N)[nH]4)c3C#N)C(C)(C)C2)o1	0.6506024096385542
Cc1ccc(/C=C2/C(=O)NC(=O)N(CCc3ccc(F)cc3)C2=O)o1	0.5636363636363636
Cc1ccc(C(=O)/C=C/c2ccc(-c3ccc(C)cc3)o2)cc1	0.8611111111111112
Cc1ccc(C)c(CCN)c1	0.5555555555555556
Cc1ccc(C)c2oc(-c3nc(-c4ccc(C(=O)O)c(F)c4)no3)cc12	0.8571428571428571
Cc1ccc(C)c2oc(-c3nnc(-c4ccc(C(=O)O)c(F)c4)o3)cc12	0.7254901960784313
Cc1ccc(C2=NNC3(S2)C(=O)Nc2ccccc23)cc1	0.8205128205128205
Cc1ccc(CC(C)CNC(=O)/N=C(\N)NCCCc2sc(N)nc2C)cc1	0.746031746031746
Cc1ccc(CC(CNC(=O)O)n2c(=N)n(Cc3ccc(C)cc3)c3ccccc32)cc1	0.8571428571428571
Cc1ccc(CC(COC(=O)CO)n2c(=N)n(C(c3ccc(C)cc3)C3CC3)c3ccccc32)cc1	0.8245614035087719
Cc1ccc(CN2CCC([C@H]3CC(Br)=NO3)CC2)cc1	0.7906976744186046
Cc1ccc(CNC(=O)[C@@H]2C[C@]34CCN(CC5CC5)[C@H](Cc5ccc(O)cc53)[C@]4(O)C2)cc1	1.0
Cc1ccc(NC(=O)CCc2nnc([C@H]3C[C@H](CC(C)C)C3)n2C2CC2)c(C)c1	1.0
Cc1ccc(NC(=O)C[C@H](CC(=O)O)c2noc([C@H]3C[C@@H](CC(C)C)C3)c2C2CC2)c(Cl)c1	0.8805970149253731
Cc1ccc(NC(=O)N2CCc3ccccc3C2)cc1	0.8055555555555556
Cc1ccc(NC(=O)NCc2ccccn2)cc1Cl	0.7446808510638298
Cc1ccc(NS(=O)(=O)c2ccc(C3CCCCC3)cc2)cc1	0.7073170731707317
Cc1ccc(NS(=O)(=O)c2nc(CCO)cs2)c2[nH]cc(C#N)c12	0.7540983606557377
Cc1ccc(O)c(C(=O)/C=C/c2ccc3c(c2)OCCO3)c1	0.9069767441860465
Cc1ccc(Sc2c(C)[nH]n(C(C)(C)C)c2=O)cc1	0.7714285714285715
Cc1ccc([C@H]2C[C@@H]3CC[C@H]([C@H]2c2ncc(-c4ccc(Br)cc4)s2)N3C)cc1	0.8490566037735849
Cc1ccc2c(c1)c1nnc(SCC(=O)N3CCCc4ccccc43)nc1n2CC(=O)O	0.49295774647887325
Cc1ccc2c(c1C)N(S(=O)(=O)c1csc(C(F)(F)F)c1)Cc1ccc(C(F)(F)F)nc1N2	0.75
Cc1ccc2cccc(NC(=O)c3cccc(OC(C)C)c3)c2n1	0.8085106382978723
Cc1ccc2oc(=O)c(CC(=O)c3cccs3)nc2c1	0.7755102040816326
Cc1cccc(-c2cccc(N3C[C@@H]4C[C@]4(C(=O)O)C3)n2)c1OCc1ccc2c(c1C)CCN(C1COC1)CC2	0.875
Cc1cccc(-c2ncc(C)c(N(C)CCCOc3ccc4c(c3)CC[C@H]4CC(=O)O)n2)c1	0.890625
Cc1cccc(C#Cc2ccc(CCC(=O)O)c(F)c2)c1	0.775
Cc1cccc(C(=O)NC(N/C(=N/C#N)Nc2ccc(F)nc2)C(C)(Cl)Cl)c1	0.8387096774193549
Cc1cccc(C)c1OC(C)C1=NCCN1	0.7105263157894737
Cc1cccc(OCC(=O)Nc2ccc3c(c2)nc(CCN2CCCCC2)n3C)c1	0.5217391304347826
Cc1cccc(S(=O)(=O)n2cc(NC(=O)c3ccccn3)cn2)c1	0.803921568627451
Cc1cccc2c(-c3cccc(NCc4ccc(CC(=O)O)cc4)c3)c(Cc3ccccc3)cnc12	0.8275862068965517
Cc1ccccc1/C=C1\Sc2ccc(C(=O)N3CCN(c4ccccn4)CC3)cc2N(C)C1=O	0.7183098591549296
Cc1ccccc1C(=O)Nc1ccc2c(C#N)c3nc4ccccc4nc3n2c1	0.7068965517241379
Cc1ccccc1CN1CCC(N2CCC(n3c(=O)[nH]c4cc(Cl)ccc43)CC2)CC1	0.8214285714285714
Cc1ccccc1CN1CCN(C(=O)c2cccnc2NCCC(C)C)[C@@H](C)C1	1.0
Cc1ccccc1CS(=O)(=O)c1sc(NC(=O)c2ccccn2)nc1C	0.8269230769230769
Cc1ccccc1Cc1noc(-c2ccc3c(c2)nnn3C(C)C)n1	0.7547169811320755
Cc1ccccc1OCCCCc1c(C)n[nH]c1C	0.9142857142857143
Cc1cccnc1OCC(C)(C)NC(=O)[C@H]1[C@@H]2CNC[C@@H]21	0.7843137254901961
Cc1ccn2c(NC3CCCC3)c(-c3ccccn3)nc2c1	0.7058823529411765
Cc1cnc(NC(=O)c2sc3ccccc3c2Cl)s1	0.6530612244897959
Cc1cnc2c(C(N)=O)cc(Cc3cc(C(=O)NCc4c(C)cc(N)nc4C)ccn3)cc2c1	0.8769230769230769
Cc1cnc2c(S(C)(=O)=O)cc(Cc3cc(C(=O)NCc4c(C)cc(N)nc4C)ccn3)cc2c1	0.8529411764705882
Cc1cncc(C(=O)Nc2cc(CN3CCC(C(=O)NC(C)(C)C)CC3)ccc2C)c1	0.8524590163934426
Cc1coc(C(=O)NCc2ccc(NC(=O)OCc3ccc(Cl)cc3)cc2)n1	0.7368421052631579
Cc1csc(C(C)(CO)NC(=O)c2c(C)nc3c(OCc4c(F)cccc4F)cccn23)n1	0.8484848484848485
Cc1csc(N2N=C(c3ccccc3)CC2c2ccccc2)n1	0.9047619047619048
Cc1n[nH]c2cc(F)c(-c3cccc4c3C(=O)N([C@H](C3CC3)C(C)(C)O)C4)cc12	0.5846153846153846
Cc1n[nH]c2cc(OCCNC[C@H](O)c3cccc(NS(C)(=O)=O)c3)ccc12	0.8571428571428571
Cc1nc(-c2cc(-c3cccc([C@H](C)N)n3)cc3c2cnn3-c2cccc(CO)n2)sc1C	0.8059701492537313
Cc1nc(-c2ccc(-c3ccccc3)cc2)n(C)c1CCOc1ccc2c(c1)CC[C@H]2CC(=O)O	0.9649122807017544
Cc1nc(-c2ccc(Cl)cn2)nc(NC[C@H](NCCCCc2ccc(O)cc2)c2ccccc2)c1Cl	0.9016393442622951
Cc1nc(-c2ccc(Cl)cn2)nc(NC[C@H](NCCCCc2ccco2)c2ccccc2)c1Cl	0.7846153846153846
Cc1nc(-c2ccc3[nH]nc(C(=O)Nc4ccc(OC5CCN(C)CC5)cc4)c3c2)cs1	0.7323943661971831
Cc1nc(-c2ccncc2)nc(NCCNc2ccc(C(F)(F)F)cn2)c1Cl	0.7192982456140351
Cc1nc(C)c([C@H](OC(C)(C)C)C(=O)O)c(N2CCC(C)(C)CC2)c1-c1ccc2c(c1)CCN(Cc1cccc(C#N)c1)C2	0.8641975308641975
Cc1nc(CNC(=O)CCN(C)C)sc1-c1csc(-c2cc(O)c(C(=O)O)cc2F)n1	0.8412698412698413
Cc1nc(Cn2c(C)cccc2=O)sc1-c1cccc(-c2ccc(C(=O)O)c(O)c2)c1	0.7868852459016393
Cc1nc(F)ccc1-c1ccc(S(=O)(=O)c2c(O)n([C@H]3CCc4ccccc43)c(COC(C)C)nc2=O)cc1	0.84
Cc1nc(N2CCN(C(=O)c3ccc4c(c3)nc(C)n4C)CC2)c2c3c(sc2n1)CC(C)CC3	0.7121212121212122
Cc1nc(Sc2ccccc2)c(C#N)cc1-c1ccccc1	0.5581395348837209
Cc1nc([C@@H](C)NC(=O)c2cnc(N3CC(F)(F)C3)c(OCC3CC3)n2)no1	0.8333333333333334
Cc1nc([C@H](CC2CC2)NC(=O)c2cnc(C3CC3)c(OCC3CC3)n2)no1	0.8032786885245902
Cc1nc2c(OCc3ncccc3F)cccn2c1C(=O)N[C@@](C)(CO)c1ccccc1F	0.8225806451612904
Cc1nc2ccc(-c3ccn4nc(NC5CCC6(CC5)COC6)ncc34)nc2n1CC(F)F	0.8285714285714286
Cc1nc2ccc(CCCCCN3CCN(c4cccc5sccc45)CC3)cc2c(=O)[nH]1	0.8709677419354839
Cc1nc2ccc(NC(=O)[C@@H](NC(=O)c3c(F)cccc3F)C(C)C)cc2s1	0.4915254237288136
Cc1nc2nc(C)n(CCN3CCOCC3)c(=O)c2c(-c2cccc([N+](=O)[O-])c2)c1C(=O)CCCCCCCCCCN1CCC(c2ccccc2)(c2ccccc2)CC1	0.40404040404040403
Cc1nc2ncc(-c3ccn4nc(N[C@@H]5CCN(C)C[C@H]5F)ncc34)cc2n1CC(F)F	1.0
Cc1ncc(N2C[C@H]3CN[C@H]3C2)cc1C#N	1.0
Cc1ncc(Nc2nccc3cc(OCc4ccn(C)n4)ccc23)cn1	0.8333333333333334
Cc1ncc(Nc2nccc3cc(OCc4cnn(C)c4)ccc23)cc1O	0.8166666666666667
Cc1ncnc2c1ccn2[C@@H]1O[C@@H]2[C@@H](Oc3ccc4cc(Cl)c(N)nc4c3)CC[C@]2(O)[C@H]1O	0.8857142857142857
Cc1nn(-c2ccccc2)c(C)c1C=Nn1c(-c2ccc(C(C)(C)C)cc2)n[nH]c1=S	0.6964285714285714
Cc1nn(CC(=O)N/N=C/c2cccs2)c(C)c1[N+](=O)[O-]	0.7636363636363637
Cc1nnc(-c2cc(F)c(-c3c(=O)ccn4c(-c5ccc(F)cc5F)cccc34)c(F)c2)o1	0.8103448275862069
Cc1nnc(-c2ccc3cnc(NC(=O)c4coc(C5CCNCC5)n4)cc3c2)s1	0.8181818181818182
Cc1noc(C)c1-c1ccc(Cl)c(COc2ccc(S(=O)(=O)CC(=O)O)cc2)c1	0.8245614035087719
Cc1oc(-c2ccc(-c3ncccn3)cc2)nc1CCOc1ccc(CCC(=O)O)c(CNC(=O)OC(C)C)c1	0.8676470588235294
Cc1oc(-c2ccccc2)nc1CCOc1cccc(C[C@H]2CN(C(=O)Oc3ccccc3)C[C@@H]2C(=O)O)c1	1.0
Cc1sc(-c2ccc(OC(F)(F)F)cc2)nc1CCOc1ccc2c(c1)CC[C@H]2CC(=O)O	0.8412698412698413
Cc1sc2c(c1C)C(c1ccc(Cl)cc1)=N[C@@H](CC(=O)Nc1ccc(OCCOCCOCCOCCOCCOCCNC(=O)CCNC(=O)c3nc(NC(=O)CCNC(=O)c4cc(NC(=O)c5nc(NC(=O)CCNC(=O)c6cc(NC(=O)c7nccn7C)cn6C)cn5C)cn4C)cn3C)cc1)c1nnc(C)n1-2	1.0
Clc1c(OCc2cccc(-c3cncnc3)c2)ccn2c(CC3CC3)nnc12	0.8392857142857143
Clc1cc(Cl)cc(C2CCN(c3cnn4c(CC5CC5)nnc4c3Cl)CC2)c1	0.7843137254901961
Clc1cc(NC2=NC[C@@]3(CN4CCC3CC4)O2)ncn1	0.76
Clc1cc2c(cc1Cl)Oc1cc(Br)c(Cl)cc1O2	0.9473684210526315
Clc1cc2oc3c(Cl)cccc3c2c(Cl)c1Cl	0.6666666666666666
Clc1ccc(CO/N=C/c2c(-c3ccc(C4CCCCC4)cc3)nc3sccn23)cc1Cl	0.7540983606557377
Clc1ccc(Nc2nccc3cc(OCC4CCCO4)ccc23)cn1	0.7833333333333333
Clc1ccccc1Cn1nnc2c(NCCN3CCOCC3)ncnc21	0.7258064516129032
Clc1ccccc1NCC1=NCCN1	0.6842105263157895
Cn1c(-c2ccc3c(c2)OCO3)cnc1NCc1ccccc1	0.8
Cn1c(=O)cc(OCc2cn([C@@H]3C[C@H]4CC[C@@H](C3)[N+]4(C)C)nn2)c2ccccc21	0.7966101694915254
Cn1c(=O)n(-c2ccc(C#Cc3ccccc3)cc2Cl)c(=O)c2cc(F)ccc21	0.78
Cn1c(COc2cccc(C(=O)O)c2)nc2ccc(Oc3cc(Cl)ccn3)cc21	0.8166666666666667
Cn1cc(-c2cc3cc(NC(=O)C4CCN(CCF)CC4)ncc3cc2F)cn1	0.847457627118644
Cn1cc(-c2ccc3cnc(NC(=O)C4CCN(CC(C)(F)F)CC4)cc3c2)cn1	0.896551724137931
Cn1cc(-c2ccc3cnc(NC(=O)c4ccnc(N5CCN(CCF)CC5)c4)cc3c2)cn1	0.84375
Cn1cc(C(=O)Nc2ccc(F)c(Cl)c2)c(C2CC3CC(O)(CS(C)(=O)=O)CC3C2)n1	0.7536231884057971
Cn1cc(CN2CCC(O)(c3ccc(Cl)cc3)CC2)c2ccccc21	0.7090909090909091
Cn1cc(Nc2cc(-c3ccccc3)c3c(C#N)c[nH]c3n2)cn1	0.6842105263157895
Cn1cc(Oc2cc(F)cc3[nH]c(-c4cc(C#N)ccc4S(C)(=O)=O)cc(=O)c23)cn1	0.8235294117647058
Cn1ccnc1[C@@H]1c2n[nH]c(=O)c3cccc(c23)N[C@H]1c1ccc(F)cc1	1.0
Cn1cnnc1Sc1ccc(Sc2ccc(Cl)c(Cl)c2)c(C(=O)Nc2nc(CC(=O)O)c(Cl)s2)n1	0.8285714285714286
Cn1nc(-c2ccc(Cl)cc2)nc2c(=O)n(C)c(=O)nc1-2	0.8333333333333334
Cn1nc(OCC2CCOC2)c2ccc(NC(=O)c3nccnc3N)cc21	0.8461538461538461
Cn1ncc2ccc(C3(C(=O)NCc4cc(Cl)c(C5CCC(=O)NC5=O)c(Cl)c4)CCOCC3)cc21	0.8428571428571429
Cn1nccc1NS(=O)(=O)c1ccc(Cl)cc1	0.675
Cn1nnc([C@H]2[C@@H]3CN(C(=O)c4ccc(C[C@@H]5CC[C@H]([C@H](O)c6ccccc6)N5)cc4)C[C@@H]32)n1	0.7142857142857143
FC(F)(F)Oc1ccc(Nc2ncnc3c2cnn3Cc2ccncc2)cc1	0.8301886792452831
FC(F)(F)Oc1cccc(-n2nnc3ccc(NC4CC5(CCNCC5)C4)nc32)c1	0.8
FC(F)(F)c1cc(CNCc2cnccc2-c2ccccc2)cc(C(F)(F)F)c1	0.7608695652173914
FC(F)(F)c1cccc(Nc2ncnc3ccccc23)c1	0.6585365853658537
FC1(COc2ccc3c(Nc4cnc(Cl)nc4)nccc3c2)COC1	0.8269230769230769
Fc1cc(F)c(F)c(Nc2n[nH]c3cccnc23)c1	0.7142857142857143
Fc1cc(Nc2n[nH]c3cccnc23)cc(F)c1F	0.775
Fc1ccc(-c2noc(C3CCN(c4cnc5ccc(Cl)cc5c4)CC3)n2)c(Cl)c1	0.8135593220338984
Fc1ccc(CSc2nnc(-c3ccccn3)n2Cc2cccs2)c(F)c1F	0.7796610169491526
Fc1ccc(Cn2nnc3c(Br)cccc32)cc1	0.7837837837837838
Fc1ccccc1Cn1nc(-c2ccccn2)cc1-c1ccco1	0.8125
N#C/C(=C\c1ccc(O)c(Br)c1)C(=O)NCc1ccccc1	0.5384615384615384
N#CC1=C(c2ccccc2)/C(=C/c2ccccc2)OC1=O	0.4864864864864865
N#Cc1[nH]nnc1-c1ccc(Oc2cccc(C(F)(F)F)c2)s1	0.6551724137931034
N#Cc1c(-c2ccccc2)cc(-c2ccccc2)nc1SCc1nnc(-c2ccccc2)o1	0.6862745098039216
N#Cc1c(N)n(CCOC(=O)c2cccc(Br)c2)c2nc3ccccc3nc12	0.7166666666666667
N#Cc1c(N2CCCC2)[nH]c2cccnc12	0.9714285714285714
N#Cc1c2n(c3c(=O)[nH]cnc13)CCCC2	0.7111111111111111
N#Cc1cc(Cl)cc(Oc2c(Br)ccc(Cc3n[nH]c4cnccc34)c2F)c1	0.7424242424242424
N#Cc1cc(OC(F)(F)F)cc(-c2nc(-c3ccc4c(c3)cc3n4CCC3CC(=O)O)no2)c1	0.8285714285714286
N#Cc1ccc(CCNC(=O)[C@@H]2CCCN(c3cc(N4CCNCC4)nc(C(F)(F)F)n3)C2)cc1	0.8615384615384616
N#Cc1ccc(CN2CCC(NC(=O)c3ccc(C(=O)N4CCC(C(=O)c5ccc(-n6cccn6)cc5)CC4)nc3)CC2)cc1	0.9027777777777778
N#Cc1ccc(CN2CCC(NC(=O)c3ccc(C(=O)N4CCN(c5ccc(C(F)(F)F)cc5)CC4)cn3)CC2)cc1	0.8769230769230769
N#Cc1ccc(Cn2cncc2CN2CCN(C(=O)OCc3ccccc3OC(F)(F)F)CC2)cc1	0.8235294117647058
N#Cc1ccc(N2C3CCC2CC(O)C3)c2ccccc12	1.0
N#Cc1ccc(N2CCC3(CC2)OC2CCC(c4cnccn4)N2C3=O)n2ncnc12	0.75
N#Cc1ccc(N2CCCC2)c2ccccc12	0.5897435897435898
N#Cc1ccc(Oc2cn[nH]c2-c2cccc(Cn3ccc(=O)cc3)c2)cc1	0.6964285714285714
N#Cc1ccc2[nH]cc(CCCCN3CCN(c4cccc5nc6c(c(N)c45)CCCCC6)CC3)c2c1	0.9855072463768116
N#Cc1cccc(Nc2nc3c(s2)CCCc2[nH]ncc2-3)n1	0.7222222222222222
N#Cc1ccccc1-c1ccc(CN2C3=NCCN3c3ccccc32)cc1	0.8723404255319149
N#Cc1cnc(-c2nnc(N[C@H]3N=C(c4ccccc4)c4ccccc4NC3=O)o2)c(N2CC3CCC(C2)O3)c1	0.8289473684210527
N#Cc1nn(-c2cc(Cl)c(-n3ncc4c3ccc(=O)n4CC3CCCCC3)c(Cl)c2)c(=O)[nH]c1=O	0.7611940298507462
N#Cc1nn(-c2cc(Cl)c(Oc3cc(Cc4ccc(F)cc4)c(=O)[nH]n3)c(Cl)c2)c(=O)[nH]c1=O	0.8571428571428571
N=C(N)NC(=N)NCc1ccccc1	0.4411764705882353
N=C(N)NCCC[C@H](NC(=O)[C@@H](Cc1ccccc1)NC(=O)[C@H](Cc1cnc[nH]1)NC(=O)COCC(=O)NCCCOCCOCCOCCCN)C(=O)N[C@@H](Cc1c[nH]c2ccccc12)C(N)=O	0.8876404494382022
N=C(N)NCCC[C@H](NC(=O)[C@H](CCC(N)=O)NC(=O)[C@@H]1CCCN1C(=O)[C@@H](CS)NC(=O)[C@H](Cc1ccccc1)NC(=O)CNC(=O)[C@@H](CS)NC(=O)[C@@H](N)Cc1ccc(O)cc1)C(=O)N[C@@H](Cc1ccccc1)C(N)=O	1.0
N=C(N)NCCC[C@H](NC(=O)[C@H](CCC(N)=O)NC(=O)[C@@H]1CCCN1C(=O)[C@H](CCC(N)=O)NC(=O)[C@H](Cc1ccccc1)NC(=O)CNC(=O)[C@@H](CO)NC(=O)[C@@H](N)Cc1ccc(O)cc1)C(=O)N[C@@H](Cc1ccccc1)C(N)=O	0.8863636363636364
N=C(N)NS(=O)(=O)c1ccc(NC(=S)NC(=O)c2ccc(Br)cc2)cc1	0.6727272727272727
N=C(Nc1ccc2c(c1)CCCN2CCNCCO)c1cccs1	0.8909090909090909
N=c1c(S(=O)(=O)c2ccc(Br)cc2)cc2c(=O)n3ccccc3nc2n1C1CCCCC1	0.9814814814814815
NC(=NOC(=O)c1ccccc1Cl)c1ccc(Cl)cc1	0.8235294117647058
NC(=O)C(Nc1nc(-c2cc(-c3ccon3)n(Cc3ccccc3F)n2)ncc1F)C(F)(F)F	0.8676470588235294
NC(=O)CCC(NC(=O)Cc1ccc(Cl)cc1)C(=O)NC(Cc1c[nH]c2ccccc12)C(=O)NCCc1ccccc1	0.9375
NC(=O)[C@@H]1CCCN1C(=O)[C@H](Cc1cn(Cc2ccccc2)c(Cl)n1)NC(=O)[C@@H]1CCC(=O)N1	0.855072463768116
NC1=Nc2c(ncn2[C@@H]2O[C@H](COP(=O)(O)O)[C@H](O)C2O)C(Cl)N1	0.5666666666666667
NCC(=O)NCC(=O)NCC(=O)O	0.9
NCCCC[C@H](N)C(=O)NCCC(=O)Nc1ccc2c(c1)C(=O)c1ccc(NC(=O)CCNC(=O)[C@@H](N)CCCCN)cc1C2=O	1.0
NCCc1c[nH]c2ccc(O)cc12	0.7272727272727273
NCCc1ccc(OCCCCc2ccccc2)cc1	0.896551724137931
NC[C@@H]1C[C@H]1c1cc(Cl)ccc1OCCCF	1.0
NC[C@H](O)c1ccc(O)c(O)c1	1.0
NNC(=O)CCc1nc2ccc(O)cc2[nH]1	0.4897959183673469
NNc1ccc(Cl)c(C(=O)O)c1	0.4444444444444444
NS(=O)(=O)c1ccc(CCNC(=O)c2ccc3c(c2)OCCO3)cc1	0.64
N[C@@H](C(=O)O)[C@H]1[C@H](C(=O)O)[C@H]1c1ccccc1	1.0
N[C@@H](CCP(=O)(O)C(O)c1ccncc1)C(=O)O	0.725
N[C@@H](Cc1cc(I)c(Oc2ccc(O)c(I)c2)c(I)c1)C(=O)O	1.0
N[C@H](C(=O)O)c1cc(=O)[nH]o1	1.0
N[C@H](CNC(=O)c1ccc(-c2ccccc2)o1)C(=O)O	0.7857142857142857
N[C@]1(C(=O)O)C[C@H](C(=O)O)N(C(C(=O)O)c2ccccc2)C1	0.5319148936170213
N[C@]1(COP(=O)(O)O)CC[C@H](c2ccc3c(c2)CCC(c2ccncc2)C3)C1	1.0
Nc1ccccc1NC(=O)CCCCCCC(=O)c1ccccc1	0.8461538461538461
Nc1ccccc1NC(=O)CCCCCN1C(=O)c2cccc3c(CN4CCCCC4)c(O)cc(c23)C1=O	0.8529411764705882
Nc1cccnc1C(=O)Nc1ccc2c(OC[C@H]3CCOC3)nccc2c1	1.0
Nc1nc(-c2cc(-c3ccon3)n(Cc3ccccc3F)n2)ncc1NC(=O)OCc1ccccc1	0.8260869565217391
Nc1nc(Nc2cc(Cl)c(-c3ccc(NC(=O)C4CCC(F)(F)CC4)cc3)c(C(F)(F)F)c2)n[nH]1	0.8666666666666667
Nc1nc(Nc2cc(Cl)c(-c3ccc(OCCCN4CCOCC4)cc3)c(Cl)c2)n[nH]1	0.9122807017543859
Nc1nc(Nc2cc(Cl)c(-c3ccc(S(=O)(=O)C[C@@H]4CCCN4)cc3)c(C(F)(F)F)c2)n[nH]1	0.8142857142857143
Nc1nc(OCC2CCN(c3cc(-c4cc5ccccc5s4)ncn3)CC2)ncc1F	0.859375
Nc1nc2c(sc(=O)n2C2OC(CO)SC2CC(=O)O)c(=O)[nH]1	0.7857142857142857
Nc1nccn2c([C@@H]3CCCN3C(=O)/C=C/c3ccccc3)nc(-c3ccc(C(=O)Nc4ccccn4)cc3)c12	0.8378378378378378
Nc1ncnc2c1ncn2[C@@H]1O[C@H](COP(=O)(O)OP(=O)(O)OP(=O)(O)OC[C@H]2O[C@@H](n3cnc4c(N)ncnc43)[C@H](O)[C@@H]2O)[C@@H](O)[C@H]1O	1.0
Nc1ncnc2c1ncn2[C@@H]1O[C@H](COP(=O)(O)OP(=O)(O)S)[C@@H](O)[C@H]1O	0.9803921568627451
Nc1nnc(-c2cccs2)n1-c1ccccc1OC(F)F	0.6875
O=C(C1CCCC1)N1CCCn2nc(COc3ccccc3)cc21	0.9574468085106383
O=C(C=Cc1ccc(O)cc1)c1ccc(O)cc1O	0.75
O=C(CC1C(=O)NCCN1CCCc1ccccc1)NCCc1ccccc1F	0.8
O=C(CCC(=O)c1ccc2[nH]cnc2c1)c1ccccc1	0.7209302325581395
O=C(CCC(=O)c1ccccc1C(F)(F)F)c1ccc2c(c1)OCCO2	0.8604651162790697
O=C(CCC(=O)c1ccccc1F)c1ccc2[nH]cnc2c1	0.7209302325581395
O=C(CCN1C(=O)/C(=C/c2ccco2)SC1=S)Nc1ccc(C(=O)O)c(O)c1	0.8524590163934426
O=C(CCc1ccccc1)c1ccccc1OCC(O)CN1CCC(Cc2ccccc2)CC1	0.7636363636363637
O=C(CCc1nc(-c2ccc(F)cc2Cl)no1)Nc1ccc(C(F)(F)F)cc1	0.7966101694915254
O=C(CN1CC(c2ccccc2)CC1=O)Nc1ccc(CCNC[C@H](O)c2cccnc2)cc1	0.6417910447761194
O=C(CO)N(CC(F)(F)F)c1nc(-c2cc(-c3ccon3)n(Cc3ccccc3F)n2)ncc1F	0.7142857142857143
O=C(COC(=O)c1ccc(Br)o1)Nc1ncc([N+](=O)[O-])s1	0.6111111111111112
O=C(COc1ccccc1C(=O)c1cnn(-c2ccccc2)c1)Nc1ccc2ccccc2c1	0.5
O=C(CSC(=S)N1CCOCC1)c1cc(Br)cc(Br)c1O	0.6862745098039216
O=C(CSc1ccccc1)Nc1nnc(/C=C/c2ccccc2)s1	0.5172413793103449
O=C(Cc1ccc(NC(=O)OCc2ccc(Cl)cc2)cc1)N[C@H]1CC[C@H](OC(F)F)CC1	0.7592592592592593
O=C(Cc1ccccc1)N1CCN(S(=O)(=O)c2cc(Cl)cc(Cl)c2)CC1	0.723404255319149
O=C(Cc1ccccc1Cl)Nc1cccc(OC(F)F)c1	0.6511627906976745
O=C(Cc1ccccc1F)c1ccc(O)c(O)c1O	0.6571428571428571
O=C(Cc1csc(N2CCOCC2)n1)NN=Cc1ccc(O)c(O)c1O	0.4507042253521127
O=C(N1CCc2cc(O)ccc2C1)C(F)(F)Cl	0.7894736842105263
O=C(NC(=S)N1CCCCC1c1cccnc1)c1ccc(Br)cc1	0.8148148148148148
O=C(NC(CO)(CO)CO)c1ccc(N2CCC(Nc3ncnc4ccc(C(c5ccc(Cl)cc5)c5ccc(Cl)cc5)cc34)CC2)cc1	0.803030303030303
O=C(NC12CCC(CC1)CC2)c1nn(-c2c[n+]([O-])ccn2)c2c1CC1CCC2O1	0.8571428571428571
O=C(NC1CCC1)c1ccc(OCc2cccc(F)c2)nc1	0.9375
O=C(NC1CCCCC1)c1cccc(-c2cccc(Cl)c2)n1	0.7872340425531915
O=C(NCCO)Nc1ccc2nsnc2c1	0.6122448979591837
O=C(NCc1ccc(N2CCCCCC2)cc1C(F)(F)F)Nc1cccc2[nH]ncc12	0.7777777777777778
O=C(NCc1cccs1)c1noc2c1CCCC2	0.5961538461538461
O=C(NCc1ccncc1)Nc1ccc(C(=O)NC2CCOC2)cc1	0.7450980392156863
O=C(NCc1ccncc1)Nc1ccc(S(=O)(=O)N(Cc2ccccc2)C2CC2)cc1	0.7547169811320755
O=C(NCc1ncn2ccc(Cl)c(F)c12)c1cn(Cc2cn3nccc(CC4COC4)c3n2)nn1	0.7674418604651163
O=C(NCc1ncn2ccc(Cl)c(F)c12)c1cn(Cc2nc3cc(C4CC4)ccn3n2)nn1	0.8051948051948052
O=C(NCc1ncn2ccc(Cl)cc12)c1cnn(Cc2cn3nc(Cl)ccc3n2)c1	0.8235294117647058
O=C(NNC(=O)c1ccccc1O)c1ccc(S(=O)(=O)Nc2ccccc2F)cc1	0.7083333333333334
O=C(NNC1CCS(=O)(=O)C1)c1ccc(N2CC(F)(F)C2)c(OCC2CC2)n1	0.8360655737704918
O=C(NS(=O)(=O)c1ccc(NC(=O)c2ccc(Cl)cc2Cl)cc1)c1ccccc1	0.7446808510638298
O=C(N[C@@H](CC1CC1)c1nccs1)c1ccc(C2CC2)c(OCC2CC2)n1	0.8813559322033898
O=C(N[C@@H]1CCN(c2c(C(=O)N3CCOCC3)cc(Br)cc2C(F)(F)F)C1)c1cc(=O)[nH]c2ccccc12	0.8157894736842105
O=C(N[C@@H]1CC[C@@]2(O)[C@H]3Cc4ccc(O)c5c4[C@@]2(CCN3CC2CC2)[C@H]1O5)c1ccc(C(F)(F)F)cc1	0.8695652173913043
O=C(N[C@@H]1CC[C@@]2(O)[C@H]3Cc4ccc(O)c5c4[C@@]2(CCN3CC2CC2)[C@H]1O5)c1ccc2ccccc2n1	1.0
O=C(N[C@@H]1CNCC[C@H]1F)c1cn2cccc(-c3ccccc3OCC(F)(F)F)c2n1	0.7536231884057971
O=C(N[C@H]1CCC(O)C[C@@H]1O)c1cn(Cc2ccc(-n3cccn3)cc2)c2cccnc12	0.8833333333333333
O=C(N[C@H]1CCCC[C@@H]1O)C1CN(Cc2ccc(-n3cccn3)cc2)c2cc(Cl)ccc2O1	0.8333333333333334
O=C(N[C@H]1CCN(c2c(C(=O)N3CCOCC3)cc(Br)cc2C(F)(F)F)C1)c1cc(=O)[nH]c2c(F)cccc12	1.0
O=C(N[C@H]1CC[C@@]2(O)[C@H]3Cc4ccc(O)c5c4[C@@]2(CCN3CC2CC2)[C@H]1O5)c1cc2ccccc2s1	1.0
O=C(Nc1cc(F)c(F)cc1C(=O)O)c1ccc(-n2ccnc2)nn1	0.603448275862069
O=C(Nc1ccc(Cl)nc1)c1ccc(Cl)c(F)c1	0.8205128205128205
O=C(Nc1ccc(F)c(Cl)c1)C1CCN(c2ncccn2)CC1	0.8333333333333334
O=C(Nc1ccc(F)cc1F)c1cc(Cl)ccc1O	0.5652173913043478
O=C(Nc1ccc(O)c2c(=O)cc(-c3ccccc3Cl)oc12)c1cccc(Cl)c1	0.8214285714285714
O=C(Nc1ccc(S(=O)(=O)NC2CCC2)cc1)c1ccccn1	0.9285714285714286
O=C(Nc1ccc(SC(F)F)cc1)c1ccc2c(=O)n3c(nc2c1)CCC3	0.5909090909090909
O=C(Nc1ccc2c(OC3CCOCC3F)nccc2c1)c1ncccc1O	0.8571428571428571
O=C(Nc1cccc(O)c1)c1cc(-c2ccccc2Cl)on1	0.5849056603773585
O=C(Nc1ccccc1)Nc1ccc(C[C@@H](CO)NC[C@H](O)COc2ccccc2)cc1	0.86
O=C(Nc1cccnc1)c1cn2cc(C(F)(F)F)cc(-c3ccccc3OCC(F)(F)F)c2n1	0.8571428571428571
O=C(Nc1ccnc(-c2cccnc2)n1)c1ccc(Cl)c(Cl)c1	0.6862745098039216
O=C(Nc1ccncc1)c1ccc2c(c1)C(=O)N(C1CCCCC1)C2=O	0.5769230769230769
O=C(Nc1cnccc1N1CCNCC1)c1csc(N2Cc3ccccc3C2)n1	0.8
O=C(Nc1nc(-c2ccc3c(c2)OCO3)cs1)c1ccncc1	0.660377358490566
O=C(Nc1nc(-c2ccccc2)ns1)[C@@H]1CCCCN1C(=O)N1CCS(=O)(=O)CC1	0.7213114754098361
O=C(Nc1ncc(S(=O)(=O)Cc2ccc(Cl)cc2Cl)s1)c1ccccn1	0.8333333333333334
O=C(O)C1CCN(c2ccc(OCc3ccc(Cl)cc3Cl)cc2)C1	0.7547169811320755
O=C(O)C1CN(c2ccc3oc(-c4ccc(-c5ccccc5)c(C(F)(F)F)c4)nc3c2)C1	0.8448275862068966
O=C(O)CC/C=C\CCC[C@H]1[C@@H](O)CO[C@@H]1/C=C/[C@H](O)COc1cccc(Cl)c1	1.0
O=C(O)CC1(NC(=O)c2ccc(N3CC(F)(F)C3)c(OCC3CC3)n2)CCC1	0.8524590163934426
O=C(O)CC1CCC2(CC1)CCN(c1cc(C(F)(F)F)cc(C(F)(F)F)c1)CC2	0.9090909090909091
O=C(O)CC1CCN(c2c(F)cc(-c3nccc(Oc4cccc(C(F)(F)F)c4)n3)cc2F)CC1	0.8307692307692308
O=C(O)CC1CCn2c1cc1cc(OCc3ccc(OCC4CC4)c(C(F)(F)F)c3)ccc12	0.84375
O=C(O)CC1COc2cc(OCCCOc3ccccc3F)ccc21	0.78
O=C(O)CC1NCCc2c1[nH]c1ccc(OCc3ccc(Cl)c(Cl)c3)cc21	0.8064516129032258
O=C(O)CCCCc1ccc(C2CCC(Oc3ccccc3)C2)cc1	0.8695652173913043
O=C(O)CCCOc1ccc(-c2cc(OC(F)(F)F)ccc2F)cc1	0.782608695652174
O=C(O)CCCOc1ccc2c(c1)CN1CC(=O)NC1=N2	0.6774193548387096
O=C(O)CCCc1cc2ccc(-c3cc(F)cc(OC(F)F)c3)cc2n1S(=O)(=O)c1cccc(C(F)(F)F)c1	0.9117647058823529
O=C(O)CCc1ccc(OCc2cccc(-c3ccncc3Cl)c2)s1	0.6440677966101694
O=C(O)CCc1ccc(OCc2ccccc2SC(F)(F)F)c2ccccc12	0.78
O=C(O)CCc1nc(-c2ccccc2)c(-c2cc(C(F)(F)F)cc(C(F)(F)F)c2)o1	0.8478260869565217
O=C(O)COC[C@H]1CC[C@H](CNC(=O)N(c2ccccc2)c2cccc(Cl)c2)CC1	0.7358490566037735
O=C(O)C[C@H]1CCCN(C[C@@H](O)c2ccc(-c3noc(-c4noc(-c5ccccc5)c4C(F)(F)F)n3)cc2)C1	0.8970588235294118
O=C(O)C[C@H]1C[C@@H](Oc2ccc(-c3cc(Oc4ccccc4)ccc3F)cc2)C1	1.0
O=C(O)Cc1cccc(/C=C/C23CCC(OCc4c(-c5c(Cl)cncc5Cl)noc4C4CC4)(CC2)CC3)c1	0.863013698630137
O=C(O)Cc1nc(NC(=O)c2nc(Sc3ccccn3)ccc2Sc2ccc(F)cc2)sc1Cl	0.8235294117647058
O=C(O)[C@@H]1CC[C@H](c2ccccc2Cl)N1C(=O)c1ccc(-c2ccccc2)nc1	0.8269230769230769
O=C(O)c1c[nH]c2cc(F)c(-c3ccc(OCCC4CCCO4)cc3)c(F)c12	0.7272727272727273
O=C(O)c1cc(C(F)(F)F)c2cc(C#CC34CCC(OCc5c(-c6c(Cl)cncc6Cl)noc5C5CC5)(CC3)CC4)ccc2n1	0.8192771084337349
O=C(O)c1cc(Cl)c2c(c1)[C@@H]1C=CC[C@@H]1[C@H](c1ccc(S(=O)(=O)N3CCOCC3)cc1)N2	0.6818181818181818
O=C(O)c1ccc(CC[C@H]2C(=O)CC[C@@H]2/C=C/C(O)Cc2cc(F)ccc2F)cc1	0.8
O=C(O)c1ccc(F)c(-c2cccc(-c3nc(-c4ccc(C(F)(F)F)nc4)cc(C(F)(F)F)n3)c2)c1	0.7551020408163265
O=C(O)c1ccc2nc(CN3CCC(c4cccc(OCc5ccc(Cl)cc5F)n4)CC3)n(Cc3nnc[nH]3)c2c1	0.8148148148148148
O=C(O)c1ccc2nc(N3CCC(OCc4c(-c5ccccc5OC(F)(F)F)noc4C4CC4)CC3)sc2c1	0.9436619718309859
O=C(O)c1cccc(CCNc2nc(-c3cc(-c4ccon4)n(Cc4ccccc4F)n3)ncc2F)c1	0.7567567567567568
O=C(O)c1cccc(N=NCc2ccc(-c3ccccc3)cc2)c1	0.7317073170731707
O=C(O)c1cccc(Oc2ccc3c(c2)C[C@@H](NC[C@H](O)c2ccc(Cl)nc2)CC3)c1	0.8095238095238095
O=C(O)c1cccnc1-c1ncccc1C(=O)O	0.53125
O=C(O)c1cn(C2CC2)c2cc(N3CCNCC3)c(F)cc2c1=O	0.5084745762711864
O=C(O)c1csc([C@H]2CC[C@@H]3[C@@H](/C=C/CCOc4ccccc4)[C@H](O)C[C@@H]3O2)n1	0.9193548387096774
O=C(OCC1CC(F)(F)C1)[C@@H]1CCN(c2ncnc3[nH]ccc23)CC12CC2	1.0
O=C(O[C@@H]1O[C@@H]2COC(=O)c3cc(O)c(O)c(O)c3-c3c(cc(O)c(O)c3O)C(=O)O[C@@H]([C@H]1O)[C@@H]2O)c1cc(O)c(O)c(O)c1	1.0
O=C([C@H]1C[C@@H]1F)N1CC2CNCC2C1	1.0
O=C(c1ccc(N2CCC3(CC2)O[C@@H]2CC[C@@H](c4ccccc4)N2C3=O)nc1)C(F)F	0.7868852459016393
O=C(c1cccc(C23CC(C2)C3)n1)N1CCC2(CC1)O[C@@H]1CC[C@@H](c3cc(F)cc(F)c3)N1C2=O	0.7692307692307693
O=C(c1cn2cccc(-c3ccccc3OCC(F)(F)F)c2n1)N1CCn2ccnc2C1	0.6714285714285714
O=C(c1ncccc1Oc1cc(Cl)ccc1Cl)N1CCCc2ccccc21	0.8035714285714286
O=C(c1noc2c1CCc1ccccc1-2)N1CCOCC1	0.543859649122807
O=C1C(=O)N(C23CC(C2)C3)CCN1Cc1ncc(-n2nccn2)cc1F	0.6792452830188679
O=C1C(=O)N(Cc2ccc(Oc3cccc(F)n3)cc2)c2ccc(OC(F)(F)F)cc21	0.8035714285714286
O=C1C(=O)N(Cc2cn(CCF)nn2)c2ccc(S(=O)(=O)N3CCC[C@H]3COc3ccccc3)cc21	0.9142857142857143
O=C1CCN(Cc2ccccc2)N1	0.5
O=C1CCc2cc(S(=O)(=O)Nc3cccc(-c4ccccc4)c3)ccc2N1	0.7346938775510204
O=C1COc2ccc(CCN3CCC(c4cccc5sccc45)CC3)cc2N1	0.7230769230769231
O=C1N2[C@@H](CC[C@H]2c2ccccc2)OC12CCN(c1cc(C(F)(F)F)ncn1)CC2	0.7377049180327869
O=C1N2[C@@H](CC[C@H]2c2ccccc2)OC12CCN(c1cc(CF)ncn1)CC2	0.7627118644067796
O=C1N2[C@@H](CC[C@H]2c2ccccc2F)OC12CN(S(=O)(=O)c1ccc(F)cc1)C2	0.8823529411764706
O=C1N2[C@H](CC[C@@H]2c2ccccc2)SC12CCN(c1ccnc3ccnn13)CC2	1.0
O=C1NC(Cc2c[nH]c3c(Cl)cccc23)C(=O)N1Cc1ccccc1F	0.7924528301886793
O=C1NCC(c2ccccc2)C12CCN(C1CCCCC1(O)c1ccc(F)cc1)CC2	0.8181818181818182
O=C1NCC2(CCNCC2)c2[nH]c(-c3ccnc(-c4cccnc4)n3)cc21	0.8103448275862069
O=C1NCN(c2ccccc2)C12CCN(C1Cc3ccccc3C1)CC2	0.7272727272727273
O=C1Nc2ccccc2C(c2ccccc2)=NC1Nc1nnc(-c2ccccc2N2CCOCC2)o1	1.0
O=C1OCC2OC(O)C(O)C(O)C2OC(=O)c2cc(O)c(O)c(O)c2-c2c(O)c(O)c3oc(=O)c4c(c(O)c(O)c5oc(=O)c2c3c54)-c2c1cc(O)c(O)c2O	0.7966101694915254
O=C1c2c(O)c(=O)ccn2N2CN1CCCCCCOc1ccccc1C2c1ccccc1	1.0
O=C1c2c(O)cccc2C2CNCCN12	0.7435897435897436
O=C1c2ccccc2C(=O)C1c1cc(O)c2ccccc2n1	0.5526315789473685
O=Cc1ccc(-c2ccccc2OC(F)F)cc1	0.6216216216216216
O=NCc1c(O)ccc(-c2ccc(O)c(F)c2)c1Cl	0.75
O=S(=O)(CCc1nc2ccccc2[nH]1)c1ccc(Cl)cc1	0.5319148936170213
O=S(=O)(Cc1ccccc1)Nc1ccc2c(c1)CCN(Cc1ccn[nH]1)CC2	0.711864406779661
O=S(=O)(NC1CCN(CCCO)CC1)c1cc(S(=O)(=O)c2ccccc2)ccc1C(F)(F)F	0.8103448275862069
O=S(=O)(N[C@@H](CO)C(C(F)(F)F)C(F)(F)F)c1ccc(Cl)s1	1.0
O=S(=O)(Nc1c(F)cc(C#Cc2ccccc2)cc1F)c1ccccc1Cl	0.8536585365853658
O=S(=O)(Nc1ccc(CCNC[C@H](O)COc2ccc(O)cc2)cc1)c1ccc(Cl)c(Cl)c1	0.8103448275862069
O=S(=O)(O)c1ccc(-c2ccc(-c3nc4nc(O[C@@H]5CO[C@H]6[C@@H]5OC[C@H]6O)[nH]c4cc3Cl)cc2)cc1	0.7966101694915254
O=S(=O)(c1ccc(Cl)cc1)N1CCN(c2ncccc2C(F)(F)F)CC1	0.8
O=S(=O)(c1ccc(Cl)cc1Br)N1CCCCC1	0.525
O=S(=O)(c1ccc2c(c1)OCO2)N1CCC(CCN2CCCC2)CC1	0.7391304347826086
O=S(=O)(c1ccccc1)N(CC(F)(F)F)c1ccc(C(O)(C#Cc2ccccc2)C(F)(F)F)cc1	0.673469387755102
O=S(=O)(c1ccccc1)N1CCC(Nc2cnnc3ccc(C(c4ccc(Cl)cc4)c4ccc(Cl)cc4)cc23)CC1	0.9
O=[N+]([O-])CC(c1ccccc1)c1c(-c2ccn[nH]2)[nH]c2ccccc12	0.7083333333333334
O=[N+]([O-])c1ccc(N2CCNCC2)c2ncccc12	0.7857142857142857
O=[N+]([O-])c1cccnc1Nc1ccc2[nH]cc(C[C@H]3CCCN3)c2c1	0.7058823529411765
O=c1[nH]c(C(F)(F)F)nc2ncccc12	0.45098039215686275
O=c1[nH]c2cc(Cl)c(Cl)cc2n1C1CCN(Cc2ccc(Cl)cc2F)CC1	0.8301886792452831
O=c1[nH]c2ccccc2n1C1CCN(C2CCN(Cc3ccccc3Cl)CC2)CC1	0.9130434782608695
O=c1[nH]nc2ccc(Sc3ccc(F)c(F)c3)nn12	0.775
O=c1c(-c2ccc(F)cc2)coc2c(O)c(O)ccc12	0.7435897435897436
O=c1cc(C(F)(F)F)c2cc3c(cc2[nH]1)OCC(C(F)F)N3CC(F)(F)F	0.8333333333333334
O=c1cc(Cn2c(C3CCC3)nc3nccnc32)c2ccc(F)c(F)c2[nH]1	0.9636363636363636
O=c1ccc2c([C@@H](O)CNCCc3cccc(CNCCc4ccccn4)c3)ccc(O)c2[nH]1	0.75
O=c1n(C23CC(F)(C2)C3)nc2n1[C@H](c1cc(F)c(F)c(F)c1)CC2	0.8666666666666667
O=c1oc2cc(O)ccc2cc1-c1ccccc1	0.8181818181818182
OC(CNC1CCN(c2ncnc3scc(-c4ccccc4)c23)CC1)COc1ccccc1	0.9032258064516129
OC1(CNc2nc(-c3cc(-c4ccon4)n(Cc4ccccc4F)n3)ncc2F)CCOCC1	0.8285714285714286
OCC1CC=C(c2ccc(O)cc2)CC1	0.4444444444444444
OCCN1CCCCC1C1C[C@@H]2CC[C@@H](C1)N2C(c1ccccc1Cl)c1ccccc1Cl	0.7058823529411765
OC[C@H]1O[C@@H](n2cnc3c(NC45CC6CC(CC(C6)C4)C5)ncnc32)[C@H](O)[C@@H]1O	0.6885245901639344
OC[C@H]1O[C@@H](n2cnc3c(NC4CCCCC4)cc(Cl)nc32)[C@H](O)[C@@H]1O	1.0
OC[C@H]1O[C@@H](n2cnc3c(NCC(c4ccccc4)c4ccccc4)ncnc32)[C@H](O)[C@@H]1O	0.7636363636363637
OCc1ccccc1	0.5909090909090909
OP(O)C1=CCNCC1	0.42857142857142855
Oc1c(C(c2ccccn2)N2CCCCC2)cc(Cl)c2cccnc12	0.5862068965517241
Oc1ccc(-c2c[nH]c([C@H]3Cc4c([nH]c5ccccc45)[C@@H](C4CCOCC4)N3)n2)cc1	0.8596491228070176
Oc1ccc(C2C[C@H]3CC[C@@H]2C3)cc1O	0.37209302325581395
Oc1ccc(CC2CCCCc3cc(O)ccc32)cc1	0.9393939393939394
Oc1ccc(CN=Nc2ccnc3cc(Cl)ccc23)cc1O	0.6956521739130435
Oc1ccc2c(c1)CCN(c1ccccc1)[C@@H]2c1ccc(OCCN2CCCCC2)cc1	0.9807692307692307
S=C(Nc1cccnc1)Nc1cccc(Cl)c1	0.7297297297297297
S=C=NCc1ccccc1	0.6153846153846154
[BH3-]P(=O)(OP(=O)([O-])OC[C@H]1O[C@@H](n2cnc3c(N)ncnc32)[C@H](O)[C@@H]1O)OP(=O)([O-])OP(=O)([O-])OC[C@H]1O[C@@H](n2ccc(=O)[nH]c2=O)[C@H](O)[C@@H]1O	1.0
[C-]#[N+]c1ccc(-c2cnc(C(=O)NCC(=O)OC)c(O)c2)cc1	0.78
[C]C([C])([O])[C][C][C][C][C@H]1[C][C][C@H]2/C(=[C]/[C]=C3[C][C@@H]([O])C(=[C])[C@H]([O])[C]3)[C][C][C][C@]12[C]	0.5901639344262295
[C]C([C])=[C][C]Oc1cc(Oc2ccc(S(=O)(=O)[C]3[C][C]3)cc2)cc(C(=O)[N]c2cc([C])n([C])n2)c1	0.7761194029850746
[C][C@@H]([O])[C@H]([N]C(=O)[C@H]([C]C([O])=O)[N]C(=O)[C][N]C(=O)[C@H]([C][C][C]N=C([N])[N])[N]C(=O)[C][N])C(=O)N1[C][C][C][C@H]1C([O])=O	0.5056179775280899
[C][C]O[C@@H]([C]c1ccc(O[C][C]=C(c2ccc([C])cc2)c2ccc([C])cc2)cc1)C([O])=O	0.8260869565217391
[C][C][C@H]([C])[C@H]([N]C(=O)[C@H]([C][C]([C])[C])[N]C(=O)[C@@H]([N]C(=O)[C@@H]([N])[C][C]S[C])[C@@H]([C])[O])C(=O)[N][C]C(=O)[N][C@@H]([C])C(=O)[N][C@@H]([C])C(=O)[N][C@@H]([C])C(=O)[N][C@@H]([C]C([N])=O)C(=O)[N][C]C(=O)[N][C@@H]([C][O])C(=O)[N][C@@H]([C])C(=O)[N][C@@H]([C][C]C([N])=O)C(=O)[N][C@@H]([C][C]([C])[C])C(=O)[N][C@@H]([C][C]([C])[C])C(=O)[N][C@@H]([C][C][C]N=C([N])[N])C(=O)[N][C@@H]([C][C]C([N])=O)C(=O)[N][C@@H]([C][C]([C])[C])C(=O)[N][C@@H]([C][C][C]N=C([N])[N])C(=O)[N][C]C(=O)[N][C@@H]([C][C]C([N])=O)C(=O)[N][C@@H]([C][C]([C])[C])C(=O)[N][C]C(=O)N1[C][C][C][C@H]1C(=O)N1[C][C][C][C@H]1C(=O)[N][C]C(=O)[N][C@@H]([C][O])C(=O)[N][C@@H]([C][C][C]N=C([N])[N])C([N])=O	0.5514705882352942
[C][C][C@H]([C])[C@H]([N]C(=O)[C@H]([C][C]([C])[C])[N]C(=O)[C@H]([C][C][C]N=C([N])[N])[N]C(=O)[C][N]C(=O)[C@@H]([N]C(=O)[C@H]([C][C]([C])[C])[N]C(=O)c1ccno1)[C@@H]([C])[C][C])C([N])=O	0.7733333333333333
c1cc(NC2=NCC3(CN4CCC3CC4)O2)ncn1	0.7346938775510204
c1cc2cc(Nc3n[nH]c4nccnc34)ccc2c(OCC2COCCO2)n1	0.796875
c1ccc(-c2cc(NC3=NC[C@@]4(CN5CCC4CC5)O3)ncn2)cc1	0.7454545454545455
c1ccc(-c2cccc(-c3ccccn3)n2)nc1	0.7777777777777778
c1ccc(-c2ccccc2-c2nc(-c3cccnc3)no2)cc1	0.7368421052631579
c1ccc(-c2nsc3cc(Nc4n[nH]c5ncccc45)ccc23)cc1	0.7358490566037735
c1ccc(CNc2ccc3[nH]nc(-c4nc5ccc(N6CCC(N7CCCCC7)CC6)cc5[nH]4)c3c2)cc1	0.7945205479452054
c1ccc(Cc2cc3c(cn2)CCNCC3)cc1	0.631578947368421
c1ccc(Cc2nnc3sc(-c4cccs4)nn23)cc1	0.5652173913043478
c1ccc2[nH]c(-c3cscn3)nc2c1	0.5142857142857142
c1ncc(NC2=NC[C@@]3(CN4CCC3CC4)O2)cn1	0.7333333333333333
